"Profile","Id","Path","Slice Name","Alias(s)","Label","Min","Max","Must Support?","Is Modifier?","Is Summary?","Type(s)","Short","Definition","Comments","Requirements","Default Value","Meaning When Missing","Fixed Value","Pattern","Example","Minimum Value","Maximum Value","Maximum Length","Binding Strength","Binding Description","Binding Value Set","Code","Slicing Discriminator","Slicing Description","Slicing Ordered","Slicing Rules","Base Path","Base Min","Base Max","Condition(s)","Constraint(s)"
"genomic-test-order","ServiceRequest","ServiceRequest","","diagnostic request
referralreferral requesttransfer of care request","",0,*,"","","","null {[]} {[]}
","A request for a service to be performed","A record of a request for service such as diagnostic investigations, treatments, or operations to be performed.","","","","","","","","","",,,,,"",,,,"ServiceRequest",0,*,"","dom-2:If the resource is contained in another resource, it SHALL NOT contain nested Resources {contained.contained.empty()}
dom-3:If the resource is contained in another resource, it SHALL be referred to from elsewhere in the resource or SHALL refer to the containing resource {contained.where((('#'+id in (%resource.descendants().reference | %resource.descendants().as(canonical) | %resource.descendants().as(uri) | %resource.descendants().as(url))) or descendants().where(reference = '#').exists() or descendants().where(as(canonical) = '#').exists() or descendants().where(as(canonical) = '#').exists()).not()).trace('unmatched', id).empty()}dom-4:If a resource is contained in another resource, it SHALL NOT have a meta.versionId or a meta.lastUpdated {contained.meta.versionId.empty() and contained.meta.lastUpdated.empty()}dom-5:If a resource is contained in another resource, it SHALL NOT have a security label {contained.meta.security.empty()}dom-6:A resource should have narrative for robust management {text.`div`.exists()}prr-1:orderDetail SHALL only be present if code is present {orderDetail.empty() or code.exists()}"
"genomic-test-order","ServiceRequest.id","ServiceRequest.id","","","",0,1,"","","Y","id {[]} {[]}
","Logical id of this artifact","The logical id of the resource, as used in the URL for the resource. Once assigned, this value never changes.","The only time that a resource does not have an id is when it is being submitted to the server using a create operation.","","","","","","","","",,,,,"",,,,"Resource.id",0,1,"",""
"genomic-test-order","ServiceRequest.meta","ServiceRequest.meta","","","",0,1,"","","Y","Meta {[]} {[]}
","Metadata about the resource","The metadata about the resource. This is content that is maintained by the infrastructure. Changes to the content might not always be associated with version changes to the resource.","","","","","","","","","",,,,,"",,,,"Resource.meta",0,1,"","ele-1:All FHIR elements must have a @value or children {hasValue() or (children().count() > id.count())}
"
"genomic-test-order","ServiceRequest.implicitRules","ServiceRequest.implicitRules","","","",0,1,"","Y","Y","uri {[]} {[]}
","A set of rules under which this content was created","A reference to a set of rules that were followed when the resource was constructed, and which must be understood when processing the content. Often, this is a reference to an implementation guide that defines the special rules along with other profiles etc.","Asserting this rule set restricts the content to be only understood by a limited set of trading partners. This inherently limits the usefulness of the data in the long term. However, the existing health eco-system is highly fractured, and not yet ready to define, collect, and exchange data in a generally computable sense. Wherever possible, implementers and/or specification writers should avoid using this element. Often, when used, the URL is a reference to an implementation guide that defines these special rules as part of it's narrative along with other profiles, value sets, etc.","","","","","","","","",,,,,"",,,,"Resource.implicitRules",0,1,"","ele-1:All FHIR elements must have a @value or children {hasValue() or (children().count() > id.count())}
"
"genomic-test-order","ServiceRequest.language","ServiceRequest.language","","","",0,1,"","","","code {[]} {[]}
","Language of the resource content","The base language in which the resource is written.","Language is provided to support indexing and accessibility (typically, services such as text to speech use the language tag). The html language tag in the narrative applies  to the narrative. The language tag on the resource may be used to specify the language of other presentations generated from the data in the resource. Not all the content has to be in the base language. The Resource.language should not be assumed to apply to the narrative automatically. If a language is specified, it should it also be specified on the div element in the html (see rules in HTML5 for information about the relationship between xml:lang and the html lang attribute).","","","","","","","","",,"preferred","A human language.","http://hl7.org/fhir/ValueSet/languages|4.0.1","",,,,"Resource.language",0,1,"","ele-1:All FHIR elements must have a @value or children {hasValue() or (children().count() > id.count())}
"
"genomic-test-order","ServiceRequest.text","ServiceRequest.text","","narrative
htmlxhtmldisplay","",0,1,"","","","Narrative {[]} {[]}
","Text summary of the resource, for human interpretation","A human-readable narrative that contains a summary of the resource and can be used to represent the content of the resource to a human. The narrative need not encode all the structured data, but is required to contain sufficient detail to make it ""clinically safe"" for a human to just read the narrative. Resource definitions may define what content should be represented in the narrative to ensure clinical safety.","Contained resources do not have narrative. Resources that are not contained SHOULD have a narrative. In some cases, a resource may only have text with little or no additional discrete data (as long as all minOccurs=1 elements are satisfied).  This may be necessary for data from legacy systems where information is captured as a ""text blob"" or where text is additionally entered raw or narrated and encoded information is added later.","","","","","","","","",,,,,"",,,,"DomainResource.text",0,1,"","ele-1:All FHIR elements must have a @value or children {hasValue() or (children().count() > id.count())}
"
"genomic-test-order","ServiceRequest.contained","ServiceRequest.contained","","inline resources
anonymous resourcescontained resources","",0,*,"","","","Resource {[]} {[]}
","Contained, inline Resources","These resources do not have an independent existence apart from the resource that contains them - they cannot be identified independently, and nor can they have their own independent transaction scope.","This should never be done when the content can be identified properly, as once identification is lost, it is extremely difficult (and context dependent) to restore it again. Contained resources may have profiles and tags In their meta elements, but SHALL NOT have security labels.","","","","","","","","",,,,,"",,,,"DomainResource.contained",0,*,"",""
"genomic-test-order","ServiceRequest.extension","ServiceRequest.extension","","","",0,*,"","","","Extension {[]} {[]}
","Extension","An Extension","","","","","","","","","",,,,,"","value:url}
","",,"open","DomainResource.extension",0,*,"","ele-1:All FHIR elements must have a @value or children {hasValue() or (children().count() > id.count())}
ext-1:Must have either extensions or value[x], not both {extension.exists() != value.exists()}"
"genomic-test-order","ServiceRequest.extension:orderDetailParameter","ServiceRequest.extension","orderDetailParameter","","",0,*,"","","","Extension {[CanonicalType[https://example.org/fhir/uv/genomic-trf/StructureDefinition/order-detail-parameter]]} {[]}
","Structured order parameters (R6 pre-adoption)","Structured key-value parameters for order details such as monitoring cadence, reflex testing options, test design specifications, etc. Pre-adopts R6 ServiceRequest.orderDetail.parameter for R4 compatibility.","","","","","","","","","",,,,,"",,,,"DomainResource.extension",0,*,"ele-1
","ele-1:All FHIR elements must have a @value or children {hasValue() or (children().count() > id.count())}
ext-1:Must have either extensions or value[x], not both {extension.exists() != value.exists()}"
"genomic-test-order","ServiceRequest.modifierExtension","ServiceRequest.modifierExtension","","extensions
user content","",0,*,"","Y","","Extension {[]} {[]}
","Extensions that cannot be ignored","May be used to represent additional information that is not part of the basic definition of the resource and that modifies the understanding of the element that contains it and/or the understanding of the containing element's descendants. Usually modifier elements provide negation or qualification. To make the use of extensions safe and manageable, there is a strict set of governance applied to the definition and use of extensions. Though any implementer is allowed to define an extension, there is a set of requirements that SHALL be met as part of the definition of the extension. Applications processing a resource are required to check for modifier extensions.

Modifier extensions SHALL NOT change the meaning of any elements on Resource or DomainResource (including cannot change the meaning of modifierExtension itself).","There can be no stigma associated with the use of extensions by any application, project, or standard - regardless of the institution or jurisdiction that uses or defines the extensions.  The use of extensions is what allows the FHIR specification to retain a core level of simplicity for everyone.","Modifier extensions allow for extensions that *cannot* be safely ignored to be clearly distinguished from the vast majority of extensions which can be safely ignored.  This promotes interoperability by eliminating the need for implementers to prohibit the presence of extensions. For further information, see the [definition of modifier extensions](http://hl7.org/fhir/R4/extensibility.html#modifierExtension).","","","","","","","",,,,,"",,,,"DomainResource.modifierExtension",0,*,"","ele-1:All FHIR elements must have a @value or children {hasValue() or (children().count() > id.count())}
ext-1:Must have either extensions or value[x], not both {extension.exists() != value.exists()}"
"genomic-test-order","ServiceRequest.identifier","ServiceRequest.identifier","","","",1,*,"","","Y","Identifier {[]} {[]}
","Identifiers assigned to this order","Identifiers assigned to this order instance by the orderer and/or the receiver and/or order fulfiller.","The identifier.type element is used to distinguish between the identifiers assigned by the orderer (known as the 'Placer' in HL7 v2) and the producer of the observations in response to the order (known as the 'Filler' in HL7 v2).  For further discussion and examples see the resource notes section below.","","","","","","","","",,,,,"",,,,"ServiceRequest.identifier",0,*,"","ele-1:All FHIR elements must have a @value or children {hasValue() or (children().count() > id.count())}
"
"genomic-test-order","ServiceRequest.instantiatesCanonical","ServiceRequest.instantiatesCanonical","","","",0,*,"","","Y","canonical {[]} {[CanonicalType[http://hl7.org/fhir/StructureDefinition/ActivityDefinition|4.0.1], CanonicalType[http://hl7.org/fhir/StructureDefinition/PlanDefinition|4.0.1]]}
","Instantiates FHIR protocol or definition","The URL pointing to a FHIR-defined protocol, guideline, orderset or other definition that is adhered to in whole or in part by this ServiceRequest.","Note: This is a business identifier, not a resource identifier (see [discussion](http://hl7.org/fhir/R4/resource.html#identifiers)).  It is best practice for the identifier to only appear on a single resource instance, however business practices may occasionally dictate that multiple resource instances with the same identifier can exist - possibly even with different resource types.  For example, multiple Patient and a Person resource instance might share the same social insurance number.","","","","","","","","",,,,,"",,,,"ServiceRequest.instantiatesCanonical",0,*,"","ele-1:All FHIR elements must have a @value or children {hasValue() or (children().count() > id.count())}
"
"genomic-test-order","ServiceRequest.instantiatesUri","ServiceRequest.instantiatesUri","","","",0,*,"","","Y","uri {[]} {[]}
","Instantiates external protocol or definition","The URL pointing to an externally maintained protocol, guideline, orderset or other definition that is adhered to in whole or in part by this ServiceRequest.","This might be an HTML page, PDF, etc. or could just be a non-resolvable URI identifier.","","","","","","","","",,,,,"",,,,"ServiceRequest.instantiatesUri",0,*,"","ele-1:All FHIR elements must have a @value or children {hasValue() or (children().count() > id.count())}
"
"genomic-test-order","ServiceRequest.basedOn","ServiceRequest.basedOn","","fulfills
","",0,*,"","","Y","Reference {[]} {[CanonicalType[http://hl7.org/fhir/StructureDefinition/CarePlan|4.0.1], CanonicalType[http://hl7.org/fhir/StructureDefinition/ServiceRequest|4.0.1], CanonicalType[http://hl7.org/fhir/StructureDefinition/MedicationRequest|4.0.1]]}
","What request fulfills","Plan/proposal/order fulfilled by this request.","","","","","","","","","",,,,,"",,,,"ServiceRequest.basedOn",0,*,"","ele-1:All FHIR elements must have a @value or children {hasValue() or (children().count() > id.count())}
"
"genomic-test-order","ServiceRequest.replaces","ServiceRequest.replaces","","supersedes
priorrenewed order","",0,*,"","","Y","Reference {[]} {[CanonicalType[http://hl7.org/fhir/StructureDefinition/ServiceRequest|4.0.1]]}
","What request replaces","The request takes the place of the referenced completed or terminated request(s).","","","","","","","","","",,,,,"",,,,"ServiceRequest.replaces",0,*,"","ele-1:All FHIR elements must have a @value or children {hasValue() or (children().count() > id.count())}
"
"genomic-test-order","ServiceRequest.requisition","ServiceRequest.requisition","","grouperId
groupIdentifier","",0,1,"","","Y","Identifier {[]} {[]}
","Composite Request ID","A shared identifier common to all service requests that were authorized more or less simultaneously by a single author, representing the composite or group identifier.","Requests are linked either by a ""basedOn"" relationship (i.e. one request is fulfilling another) or by having a common requisition. Requests that are part of the same requisition are generally treated independently from the perspective of changing their state or maintaining them after initial creation.","Some business processes need to know if multiple items were ordered as part of the same ""requisition"" for billing or other purposes.","","","","","","","",,,,,"",,,,"ServiceRequest.requisition",0,1,"","ele-1:All FHIR elements must have a @value or children {hasValue() or (children().count() > id.count())}
"
"genomic-test-order","ServiceRequest.status","ServiceRequest.status","","","",1,1,"","Y","Y","code {[]} {[]}
","draft | active | on-hold | revoked | completed | entered-in-error | unknown","The status of the order.","The status is generally fully in the control of the requester - they determine whether the order is draft or active and, after it has been activated, competed, cancelled or suspended. States relating to the activities of the performer are reflected on either the corresponding event (see [Event Pattern](http://hl7.org/fhir/R4/event.html) for general discussion) or using the [Task](http://hl7.org/fhir/R4/task.html) resource.","","","","","","","","",,"required","The status of a service order.","http://hl7.org/fhir/ValueSet/request-status|4.0.1","",,,,"ServiceRequest.status",1,1,"","ele-1:All FHIR elements must have a @value or children {hasValue() or (children().count() > id.count())}
"
"genomic-test-order","ServiceRequest.intent","ServiceRequest.intent","","","",1,1,"","Y","Y","code {[]} {[]}
","proposal | plan | directive | order | original-order | reflex-order | filler-order | instance-order | option","Whether the request is a proposal, plan, an original order or a reflex order.","This element is labeled as a modifier because the intent alters when and how the resource is actually applicable.","","","","","","","","",,"required","The kind of service request.","http://hl7.org/fhir/ValueSet/request-intent|4.0.1","",,,,"ServiceRequest.intent",1,1,"","ele-1:All FHIR elements must have a @value or children {hasValue() or (children().count() > id.count())}
"
"genomic-test-order","ServiceRequest.category","ServiceRequest.category","","","",1,*,"","","Y","CodeableConcept {[]} {[]}
","Classification of service","A code that classifies the service for searching, sorting and display purposes (e.g. ""Surgical Procedure"").","There may be multiple axis of categorization depending on the context or use case for retrieving or displaying the resource.  The level of granularity is defined by the category concepts in the value set.","Used for filtering what service request are retrieved and displayed.","","","","","","","",,"required","","https://example.org/fhir/uv/genomic-trf/ValueSet/genomic-trf-order-category","",,,,"ServiceRequest.category",0,*,"","ele-1:All FHIR elements must have a @value or children {hasValue() or (children().count() > id.count())}
"
"genomic-test-order","ServiceRequest.priority","ServiceRequest.priority","","","",0,1,"","","Y","code {[]} {[]}
","routine | urgent | asap | stat","Indicates how quickly the ServiceRequest should be addressed with respect to other requests.","","","","If missing, this task should be performed with normal priority","","","","","",,"required","Identifies the level of importance to be assigned to actioning the request.","http://hl7.org/fhir/ValueSet/request-priority|4.0.1","",,,,"ServiceRequest.priority",0,1,"","ele-1:All FHIR elements must have a @value or children {hasValue() or (children().count() > id.count())}
"
"genomic-test-order","ServiceRequest.doNotPerform","ServiceRequest.doNotPerform","","","",0,1,"","Y","Y","boolean {[]} {[]}
","True if service/procedure should not be performed","Set this to true if the record is saying that the service/procedure should NOT be performed.","In general, only the code and timeframe will be present, though occasional additional qualifiers such as body site or even performer could be included to narrow the scope of the prohibition.  If the ServiceRequest.code and ServiceRequest.doNotPerform both contain negation, that will reinforce prohibition and should not have a double negative interpretation.","Used for do not ambulate, do not elevate head of bed, do not flush NG tube, do not take blood pressure on a certain arm, etc.","","If missing, the request is a positive request e.g. ""do perform""","","","","","",,,,,"",,,,"ServiceRequest.doNotPerform",0,1,"","ele-1:All FHIR elements must have a @value or children {hasValue() or (children().count() > id.count())}
"
"genomic-test-order","ServiceRequest.code","ServiceRequest.code","","service requested
","",1,1,"","","Y","CodeableConcept {[]} {[]}
","What is being requested/ordered","A code that identifies a particular service (i.e., procedure, diagnostic investigation, or panel of investigations) that have been requested.","Many laboratory and radiology procedure codes embed the specimen/organ system in the test order name, for example,  serum or serum/plasma glucose, or a chest x-ray. The specimen might not be recorded separately from the test code.","","","","","","","","",,"example","Codes for tests or services that can be carried out by a designated individual, organization or healthcare service.  For laboratory, LOINC is  (preferred)[http://build.fhir.org/terminologies.html#preferred].","http://hl7.org/fhir/ValueSet/procedure-code|4.0.1","",,,,"ServiceRequest.code",0,1,"","ele-1:All FHIR elements must have a @value or children {hasValue() or (children().count() > id.count())}
"
"genomic-test-order","ServiceRequest.orderDetail","ServiceRequest.orderDetail","","detailed instructions
","",0,*,"","","Y","CodeableConcept {[]} {[]}
","Additional order information","Additional details and instructions about the how the services are to be delivered.   For example, and order for a urinary catheter may have an order detail for an external or indwelling catheter, or an order for a bandage may require additional instructions specifying how the bandage should be applied.","For information from the medical record intended to support the delivery of the requested services, use the `supportingInformation` element.","","","","","","","","",,"example","Codified order entry details which are based on order context.","http://hl7.org/fhir/ValueSet/servicerequest-orderdetail|4.0.1","",,,,"ServiceRequest.orderDetail",0,*,"prr-1
","ele-1:All FHIR elements must have a @value or children {hasValue() or (children().count() > id.count())}
"
"genomic-test-order","ServiceRequest.quantity[x]","ServiceRequest.quantity[x]","","","",0,1,"","","Y","Quantity {[]} {[]}
Ratio {[]} {[]}Range {[]} {[]}","Service amount","An amount of service being requested which can be a quantity ( for example $1,500 home modification), a ratio ( for example, 20 half day visits per month), or a range (2.0 to 1.8 Gy per fraction).","","When ordering a service the number of service items may need to be specified separately from the the service item.","","","","","","","",,,,,"",,,,"ServiceRequest.quantity[x]",0,1,"","ele-1:All FHIR elements must have a @value or children {hasValue() or (children().count() > id.count())}
"
"genomic-test-order","ServiceRequest.subject","ServiceRequest.subject","","","",1,1,"","","Y","Reference {[]} {[CanonicalType[http://hl7.org/fhir/StructureDefinition/Patient|4.0.1], CanonicalType[http://hl7.org/fhir/StructureDefinition/Group|4.0.1], CanonicalType[http://hl7.org/fhir/StructureDefinition/Location|4.0.1], CanonicalType[http://hl7.org/fhir/StructureDefinition/Device|4.0.1]]}
","Individual or Entity the service is ordered for","On whom or what the service is to be performed. This is usually a human patient, but can also be requested on animals, groups of humans or animals, devices such as dialysis machines, or even locations (typically for environmental scans).","","","","","","","","","",,,,,"",,,,"ServiceRequest.subject",1,1,"","ele-1:All FHIR elements must have a @value or children {hasValue() or (children().count() > id.count())}
"
"genomic-test-order","ServiceRequest.encounter","ServiceRequest.encounter","","context
","",0,1,"","","Y","Reference {[]} {[CanonicalType[http://hl7.org/fhir/StructureDefinition/Encounter|4.0.1]]}
","Encounter in which the request was created","An encounter that provides additional information about the healthcare context in which this request is made.","","","","","","","","","",,,,,"",,,,"ServiceRequest.encounter",0,1,"","ele-1:All FHIR elements must have a @value or children {hasValue() or (children().count() > id.count())}
"
"genomic-test-order","ServiceRequest.occurrence[x]","ServiceRequest.occurrence[x]","","schedule
","",0,1,"","","Y","dateTime {[]} {[]}
Period {[]} {[]}Timing {[]} {[]}","When service should occur","The date/time at which the requested service should occur.","","","","","","","","","",,,,,"",,,,"ServiceRequest.occurrence[x]",0,1,"","ele-1:All FHIR elements must have a @value or children {hasValue() or (children().count() > id.count())}
"
"genomic-test-order","ServiceRequest.asNeeded[x]","ServiceRequest.asNeeded[x]","","","",0,1,"","","Y","boolean {[]} {[]}
CodeableConcept {[]} {[]}","Preconditions for service","If a CodeableConcept is present, it indicates the pre-condition for performing the service.  For example ""pain"", ""on flare-up"", etc.","","","","","","","","","",,"example","A coded concept identifying the pre-condition that should hold prior to performing a procedure.  For example ""pain"", ""on flare-up"", etc.","http://hl7.org/fhir/ValueSet/medication-as-needed-reason|4.0.1","",,,,"ServiceRequest.asNeeded[x]",0,1,"","ele-1:All FHIR elements must have a @value or children {hasValue() or (children().count() > id.count())}
"
"genomic-test-order","ServiceRequest.authoredOn","ServiceRequest.authoredOn","","orderedOn
","",0,1,"","","Y","dateTime {[]} {[]}
","Date request signed","When the request transitioned to being actionable.","","","","","","","","","",,,,,"",,,,"ServiceRequest.authoredOn",0,1,"","ele-1:All FHIR elements must have a @value or children {hasValue() or (children().count() > id.count())}
"
"genomic-test-order","ServiceRequest.requester","ServiceRequest.requester","","author
orderer","",1,1,"","","Y","Reference {[]} {[CanonicalType[http://hl7.org/fhir/StructureDefinition/Practitioner|4.0.1], CanonicalType[http://hl7.org/fhir/StructureDefinition/PractitionerRole|4.0.1], CanonicalType[http://hl7.org/fhir/StructureDefinition/Organization|4.0.1], CanonicalType[http://hl7.org/fhir/StructureDefinition/Patient|4.0.1], CanonicalType[http://hl7.org/fhir/StructureDefinition/RelatedPerson|4.0.1], CanonicalType[http://hl7.org/fhir/StructureDefinition/Device|4.0.1]]}
","Who/what is requesting service","The individual who initiated the request and has responsibility for its activation.","This not the dispatcher, but rather who is the authorizer.  This element is not intended to handle delegation which would generally be managed through the Provenance resource.","","","","","","","","",,,,,"",,,,"ServiceRequest.requester",0,1,"","ele-1:All FHIR elements must have a @value or children {hasValue() or (children().count() > id.count())}
"
"genomic-test-order","ServiceRequest.performerType","ServiceRequest.performerType","","specialty
","",0,1,"","","Y","CodeableConcept {[]} {[]}
","Performer role","Desired type of performer for doing the requested service.","This is a  role, not  a participation type.  In other words, does not describe the task but describes the capacity.  For example, “compounding pharmacy”, “psychiatrist” or “internal referral”.","","","","","","","","",,"example","Indicates specific responsibility of an individual within the care team, such as ""Primary physician"", ""Team coordinator"", ""Caregiver"", etc.","http://hl7.org/fhir/ValueSet/participant-role|4.0.1","",,,,"ServiceRequest.performerType",0,1,"","ele-1:All FHIR elements must have a @value or children {hasValue() or (children().count() > id.count())}
"
"genomic-test-order","ServiceRequest.performer","ServiceRequest.performer","","request recipient
","",0,*,"","","Y","Reference {[]} {[CanonicalType[http://hl7.org/fhir/StructureDefinition/Practitioner|4.0.1], CanonicalType[http://hl7.org/fhir/StructureDefinition/PractitionerRole|4.0.1], CanonicalType[http://hl7.org/fhir/StructureDefinition/Organization|4.0.1], CanonicalType[http://hl7.org/fhir/StructureDefinition/CareTeam|4.0.1], CanonicalType[http://hl7.org/fhir/StructureDefinition/HealthcareService|4.0.1], CanonicalType[http://hl7.org/fhir/StructureDefinition/Patient|4.0.1], CanonicalType[http://hl7.org/fhir/StructureDefinition/Device|4.0.1], CanonicalType[http://hl7.org/fhir/StructureDefinition/RelatedPerson|4.0.1]]}
","Requested performer","The desired performer for doing the requested service.  For example, the surgeon, dermatopathologist, endoscopist, etc.","If multiple performers are present, it is interpreted as a list of *alternative* performers without any preference regardless of order.  If order of preference is needed use the [request-performerOrder extension](http://hl7.org/fhir/R4/extension-request-performerorder.html).  Use CareTeam to represent a group of performers (for example, Practitioner A *and* Practitioner B).","","","","","","","","",,,,,"",,,,"ServiceRequest.performer",0,*,"","ele-1:All FHIR elements must have a @value or children {hasValue() or (children().count() > id.count())}
"
"genomic-test-order","ServiceRequest.locationCode","ServiceRequest.locationCode","","","",0,*,"","","Y","CodeableConcept {[]} {[]}
","Requested location","The preferred location(s) where the procedure should actually happen in coded or free text form. E.g. at home or nursing day care center.","","","","","","","","","",,"example","A location type where services are delivered.","http://terminology.hl7.org/ValueSet/v3-ServiceDeliveryLocationRoleType","",,,,"ServiceRequest.locationCode",0,*,"","ele-1:All FHIR elements must have a @value or children {hasValue() or (children().count() > id.count())}
"
"genomic-test-order","ServiceRequest.locationReference","ServiceRequest.locationReference","","","",0,*,"","","Y","Reference {[]} {[CanonicalType[http://hl7.org/fhir/StructureDefinition/Location|4.0.1]]}
","Requested location","A reference to the the preferred location(s) where the procedure should actually happen. E.g. at home or nursing day care center.","","","","","","","","","",,,,,"",,,,"ServiceRequest.locationReference",0,*,"","ele-1:All FHIR elements must have a @value or children {hasValue() or (children().count() > id.count())}
"
"genomic-test-order","ServiceRequest.reasonCode","ServiceRequest.reasonCode","","","",0,*,"","","Y","CodeableConcept {[]} {[]}
","Explanation/Justification for procedure or service","An explanation or justification for why this service is being requested in coded or textual form.   This is often for billing purposes.  May relate to the resources referred to in `supportingInfo`.","This element represents why the referral is being made and may be used to decide how the service will be performed, or even if it will be performed at all.   Use `CodeableConcept.text` element if the data is free (uncoded) text as shown in the [CT Scan example](http://hl7.org/fhir/R4/servicerequest-example-di.html).","","","","","","","","",,"example","Diagnosis or problem codes justifying the reason for requesting the service investigation.","http://hl7.org/fhir/ValueSet/procedure-reason|4.0.1","",,,,"ServiceRequest.reasonCode",0,*,"","ele-1:All FHIR elements must have a @value or children {hasValue() or (children().count() > id.count())}
"
"genomic-test-order","ServiceRequest.reasonReference","ServiceRequest.reasonReference","","","",1,*,"","","Y","Reference {[]} {[CanonicalType[http://hl7.org/fhir/StructureDefinition/Condition|4.0.1], CanonicalType[http://hl7.org/fhir/StructureDefinition/Observation|4.0.1], CanonicalType[http://hl7.org/fhir/StructureDefinition/DiagnosticReport|4.0.1], CanonicalType[http://hl7.org/fhir/StructureDefinition/DocumentReference|4.0.1]]}
","Explanation/Justification for service or service","Indicates another resource that provides a justification for why this service is being requested.   May relate to the resources referred to in `supportingInfo`.","This element represents why the referral is being made and may be used to decide how the service will be performed, or even if it will be performed at all.    To be as specific as possible,  a reference to  *Observation* or *Condition* should be used if available.  Otherwise when referencing  *DiagnosticReport*  it should contain a finding  in `DiagnosticReport.conclusion` and/or `DiagnosticReport.conclusionCode`.   When using a reference to *DocumentReference*, the target document should contain clear findings language providing the relevant reason for this service request.  Use  the CodeableConcept text element in `ServiceRequest.reasonCode` if the data is free (uncoded) text as shown in the [CT Scan example](http://hl7.org/fhir/R4/servicerequest-example-di.html).","","","","","","","","",,,,,"",,,,"ServiceRequest.reasonReference",0,*,"","ele-1:All FHIR elements must have a @value or children {hasValue() or (children().count() > id.count())}
"
"genomic-test-order","ServiceRequest.insurance","ServiceRequest.insurance","","","",0,*,"","","","Reference {[]} {[CanonicalType[http://hl7.org/fhir/StructureDefinition/Coverage|4.0.1], CanonicalType[http://hl7.org/fhir/StructureDefinition/ClaimResponse|4.0.1]]}
","Associated insurance coverage","Insurance plans, coverage extensions, pre-authorizations and/or pre-determinations that may be needed for delivering the requested service.","","","","","","","","","",,,,,"",,,,"ServiceRequest.insurance",0,*,"","ele-1:All FHIR elements must have a @value or children {hasValue() or (children().count() > id.count())}
"
"genomic-test-order","ServiceRequest.supportingInfo","ServiceRequest.supportingInfo","","Ask at order entry question
AOE","",1,*,"","","","Reference {[]} {[CanonicalType[http://hl7.org/fhir/StructureDefinition/Resource|4.0.1]]}
","Additional clinical information","Additional clinical information about the patient or specimen that may influence the services or their interpretations.     This information includes diagnosis, clinical findings and other observations.  In laboratory ordering these are typically referred to as ""ask at order entry questions (AOEs)"".  This includes observations explicitly requested by the producer (filler) to provide context or supporting information needed to complete the order. For example,  reporting the amount of inspired oxygen for blood gas measurements.","To represent information about how the services are to be delivered use the `instructions` element.","","","","","","","","",,,,,"",,,,"ServiceRequest.supportingInfo",0,*,"","ele-1:All FHIR elements must have a @value or children {hasValue() or (children().count() > id.count())}
"
"genomic-test-order","ServiceRequest.specimen","ServiceRequest.specimen","","","",0,*,"","","Y","Reference {[]} {[CanonicalType[http://hl7.org/fhir/StructureDefinition/Specimen|4.0.1]]}
","Procedure Samples","One or more specimens that the laboratory procedure will use.","Many diagnostic procedures need a specimen, but the request itself is not actually about the specimen. This element is for when the diagnostic is requested on already existing specimens and the request points to the specimen it applies to.    Conversely, if the request is entered first with an unknown specimen, then the [Specimen](http://hl7.org/fhir/R4/specimen.html) resource points to the ServiceRequest.","","","","","","","","",,,,,"",,,,"ServiceRequest.specimen",0,*,"","ele-1:All FHIR elements must have a @value or children {hasValue() or (children().count() > id.count())}
"
"genomic-test-order","ServiceRequest.bodySite","ServiceRequest.bodySite","","location
","",0,*,"","","Y","CodeableConcept {[]} {[]}
","Location on Body","Anatomic location where the procedure should be performed. This is the target site.","Only used if not implicit in the code found in ServiceRequest.code.  If the use case requires BodySite to be handled as a separate resource instead of an inline coded element (e.g. to identify and track separately)  then use the standard extension [procedure-targetBodyStructure](http://hl7.org/fhir/R4/extension-procedure-targetbodystructure.html).","Knowing where the procedure is performed is important for tracking if multiple sites are possible.","","","","","","","",,"example","Codes describing anatomical locations. May include laterality.","http://hl7.org/fhir/ValueSet/body-site|4.0.1","",,,,"ServiceRequest.bodySite",0,*,"","ele-1:All FHIR elements must have a @value or children {hasValue() or (children().count() > id.count())}
"
"genomic-test-order","ServiceRequest.note","ServiceRequest.note","","","",0,*,"","","","Annotation {[]} {[]}
","Comments","Any other notes and comments made about the service request. For example, internal billing notes.","","","","","","","","","",,,,,"",,,,"ServiceRequest.note",0,*,"","ele-1:All FHIR elements must have a @value or children {hasValue() or (children().count() > id.count())}
"
"genomic-test-order","ServiceRequest.patientInstruction","ServiceRequest.patientInstruction","","","",0,1,"","","Y","string {[]} {[]}
","Patient or consumer-oriented instructions","Instructions in terms that are understood by the patient or consumer.","","","","","","","","","",,,,,"",,,,"ServiceRequest.patientInstruction",0,1,"","ele-1:All FHIR elements must have a @value or children {hasValue() or (children().count() > id.count())}
"
"genomic-test-order","ServiceRequest.relevantHistory","ServiceRequest.relevantHistory","","","",0,*,"","","","Reference {[]} {[CanonicalType[http://hl7.org/fhir/StructureDefinition/Provenance|4.0.1]]}
","Request provenance","Key events in the history of the request.","This might not include provenances for all versions of the request – only those deemed “relevant” or important.This SHALL NOT include the Provenance associated with this current version of the resource.  (If that provenance is deemed to be a “relevant” change, it will need to be added as part of a later update.  Until then, it can be queried directly as the Provenance that points to this version using _revincludeAll Provenances should have some historical version of this Request as their subject.","","","","","","","","",,,,,"",,,,"ServiceRequest.relevantHistory",0,*,"","ele-1:All FHIR elements must have a @value or children {hasValue() or (children().count() > id.count())}
"
"genomic-trf-questionnaire-response","QuestionnaireResponse","QuestionnaireResponse","","Form
QuestionnaireAnswers","",0,*,"","","","null {[]} {[]}
","A structured set of questions and their answers","A structured set of questions and their answers. The questions are ordered and grouped into coherent subsets, corresponding to the structure of the grouping of the questionnaire being responded to.","The QuestionnaireResponse contains enough information about the questions asked and their organization that it can be interpreted somewhat independently from the Questionnaire it is based on.  I.e. You don't need access to the Questionnaire in order to extract basic information from a QuestionnaireResponse.","","","","","","","","",,,,,"",,,,"QuestionnaireResponse",0,*,"","dom-2:If the resource is contained in another resource, it SHALL NOT contain nested Resources {contained.contained.empty()}
dom-3:If the resource is contained in another resource, it SHALL be referred to from elsewhere in the resource or SHALL refer to the containing resource {contained.where((('#'+id in (%resource.descendants().reference | %resource.descendants().as(canonical) | %resource.descendants().as(uri) | %resource.descendants().as(url))) or descendants().where(reference = '#').exists() or descendants().where(as(canonical) = '#').exists() or descendants().where(as(canonical) = '#').exists()).not()).trace('unmatched', id).empty()}dom-4:If a resource is contained in another resource, it SHALL NOT have a meta.versionId or a meta.lastUpdated {contained.meta.versionId.empty() and contained.meta.lastUpdated.empty()}dom-5:If a resource is contained in another resource, it SHALL NOT have a security label {contained.meta.security.empty()}dom-6:A resource should have narrative for robust management {text.`div`.exists()}"
"genomic-trf-questionnaire-response","QuestionnaireResponse.id","QuestionnaireResponse.id","","","",0,1,"","","Y","id {[]} {[]}
","Logical id of this artifact","The logical id of the resource, as used in the URL for the resource. Once assigned, this value never changes.","The only time that a resource does not have an id is when it is being submitted to the server using a create operation.","","","","","","","","",,,,,"",,,,"Resource.id",0,1,"",""
"genomic-trf-questionnaire-response","QuestionnaireResponse.meta","QuestionnaireResponse.meta","","","",0,1,"","","Y","Meta {[]} {[]}
","Metadata about the resource","The metadata about the resource. This is content that is maintained by the infrastructure. Changes to the content might not always be associated with version changes to the resource.","","","","","","","","","",,,,,"",,,,"Resource.meta",0,1,"","ele-1:All FHIR elements must have a @value or children {hasValue() or (children().count() > id.count())}
"
"genomic-trf-questionnaire-response","QuestionnaireResponse.implicitRules","QuestionnaireResponse.implicitRules","","","",0,1,"","Y","Y","uri {[]} {[]}
","A set of rules under which this content was created","A reference to a set of rules that were followed when the resource was constructed, and which must be understood when processing the content. Often, this is a reference to an implementation guide that defines the special rules along with other profiles etc.","Asserting this rule set restricts the content to be only understood by a limited set of trading partners. This inherently limits the usefulness of the data in the long term. However, the existing health eco-system is highly fractured, and not yet ready to define, collect, and exchange data in a generally computable sense. Wherever possible, implementers and/or specification writers should avoid using this element. Often, when used, the URL is a reference to an implementation guide that defines these special rules as part of it's narrative along with other profiles, value sets, etc.","","","","","","","","",,,,,"",,,,"Resource.implicitRules",0,1,"","ele-1:All FHIR elements must have a @value or children {hasValue() or (children().count() > id.count())}
"
"genomic-trf-questionnaire-response","QuestionnaireResponse.language","QuestionnaireResponse.language","","","",0,1,"","","","code {[]} {[]}
","Language of the resource content","The base language in which the resource is written.","Language is provided to support indexing and accessibility (typically, services such as text to speech use the language tag). The html language tag in the narrative applies  to the narrative. The language tag on the resource may be used to specify the language of other presentations generated from the data in the resource. Not all the content has to be in the base language. The Resource.language should not be assumed to apply to the narrative automatically. If a language is specified, it should it also be specified on the div element in the html (see rules in HTML5 for information about the relationship between xml:lang and the html lang attribute).","","","","","","","","",,"preferred","A human language.","http://hl7.org/fhir/ValueSet/languages|4.0.1","",,,,"Resource.language",0,1,"","ele-1:All FHIR elements must have a @value or children {hasValue() or (children().count() > id.count())}
"
"genomic-trf-questionnaire-response","QuestionnaireResponse.text","QuestionnaireResponse.text","","narrative
htmlxhtmldisplay","",0,1,"","","","Narrative {[]} {[]}
","Text summary of the resource, for human interpretation","A human-readable narrative that contains a summary of the resource and can be used to represent the content of the resource to a human. The narrative need not encode all the structured data, but is required to contain sufficient detail to make it ""clinically safe"" for a human to just read the narrative. Resource definitions may define what content should be represented in the narrative to ensure clinical safety.","Contained resources do not have narrative. Resources that are not contained SHOULD have a narrative. In some cases, a resource may only have text with little or no additional discrete data (as long as all minOccurs=1 elements are satisfied).  This may be necessary for data from legacy systems where information is captured as a ""text blob"" or where text is additionally entered raw or narrated and encoded information is added later.","","","","","","","","",,,,,"",,,,"DomainResource.text",0,1,"","ele-1:All FHIR elements must have a @value or children {hasValue() or (children().count() > id.count())}
"
"genomic-trf-questionnaire-response","QuestionnaireResponse.contained","QuestionnaireResponse.contained","","inline resources
anonymous resourcescontained resources","",0,*,"","","","Resource {[]} {[]}
","Contained, inline Resources","These resources do not have an independent existence apart from the resource that contains them - they cannot be identified independently, and nor can they have their own independent transaction scope.","This should never be done when the content can be identified properly, as once identification is lost, it is extremely difficult (and context dependent) to restore it again. Contained resources may have profiles and tags In their meta elements, but SHALL NOT have security labels.","","","","","","","","",,,,,"",,,,"DomainResource.contained",0,*,"",""
"genomic-trf-questionnaire-response","QuestionnaireResponse.extension","QuestionnaireResponse.extension","","extensions
user content","",0,*,"","","","Extension {[]} {[]}
","Additional content defined by implementations","May be used to represent additional information that is not part of the basic definition of the resource. To make the use of extensions safe and manageable, there is a strict set of governance  applied to the definition and use of extensions. Though any implementer can define an extension, there is a set of requirements that SHALL be met as part of the definition of the extension.","There can be no stigma associated with the use of extensions by any application, project, or standard - regardless of the institution or jurisdiction that uses or defines the extensions.  The use of extensions is what allows the FHIR specification to retain a core level of simplicity for everyone.","","","","","","","","",,,,,"",,,,"DomainResource.extension",0,*,"","ele-1:All FHIR elements must have a @value or children {hasValue() or (children().count() > id.count())}
ext-1:Must have either extensions or value[x], not both {extension.exists() != value.exists()}"
"genomic-trf-questionnaire-response","QuestionnaireResponse.modifierExtension","QuestionnaireResponse.modifierExtension","","extensions
user content","",0,*,"","Y","","Extension {[]} {[]}
","Extensions that cannot be ignored","May be used to represent additional information that is not part of the basic definition of the resource and that modifies the understanding of the element that contains it and/or the understanding of the containing element's descendants. Usually modifier elements provide negation or qualification. To make the use of extensions safe and manageable, there is a strict set of governance applied to the definition and use of extensions. Though any implementer is allowed to define an extension, there is a set of requirements that SHALL be met as part of the definition of the extension. Applications processing a resource are required to check for modifier extensions.

Modifier extensions SHALL NOT change the meaning of any elements on Resource or DomainResource (including cannot change the meaning of modifierExtension itself).","There can be no stigma associated with the use of extensions by any application, project, or standard - regardless of the institution or jurisdiction that uses or defines the extensions.  The use of extensions is what allows the FHIR specification to retain a core level of simplicity for everyone.","Modifier extensions allow for extensions that *cannot* be safely ignored to be clearly distinguished from the vast majority of extensions which can be safely ignored.  This promotes interoperability by eliminating the need for implementers to prohibit the presence of extensions. For further information, see the [definition of modifier extensions](http://hl7.org/fhir/R4/extensibility.html#modifierExtension).","","","","","","","",,,,,"",,,,"DomainResource.modifierExtension",0,*,"","ele-1:All FHIR elements must have a @value or children {hasValue() or (children().count() > id.count())}
ext-1:Must have either extensions or value[x], not both {extension.exists() != value.exists()}"
"genomic-trf-questionnaire-response","QuestionnaireResponse.identifier","QuestionnaireResponse.identifier","","","",0,1,"","","Y","Identifier {[]} {[]}
","Unique id for this set of answers","A business identifier assigned to a particular completed (or partially completed) questionnaire.","","Used for tracking, registration and other business purposes.","","","","","","","",,,,,"",,,,"QuestionnaireResponse.identifier",0,1,"","ele-1:All FHIR elements must have a @value or children {hasValue() or (children().count() > id.count())}
"
"genomic-trf-questionnaire-response","QuestionnaireResponse.basedOn","QuestionnaireResponse.basedOn","","order
","",1,*,"","","Y","Reference {[]} {[CanonicalType[http://hl7.org/fhir/StructureDefinition/CarePlan|4.0.1], CanonicalType[http://hl7.org/fhir/StructureDefinition/ServiceRequest|4.0.1]]}
","Request fulfilled by this QuestionnaireResponse","The order, proposal or plan that is fulfilled in whole or in part by this QuestionnaireResponse.  For example, a ServiceRequest seeking an intake assessment or a decision support recommendation to assess for post-partum depression.","","Supports traceability of responsibility for the action and allows linkage of an action to the recommendations acted upon.","","","","","","","",,,,,"",,,,"QuestionnaireResponse.basedOn",0,*,"","ele-1:All FHIR elements must have a @value or children {hasValue() or (children().count() > id.count())}
"
"genomic-trf-questionnaire-response","QuestionnaireResponse.partOf","QuestionnaireResponse.partOf","","","",0,*,"","","Y","Reference {[]} {[CanonicalType[http://hl7.org/fhir/StructureDefinition/Observation|4.0.1], CanonicalType[http://hl7.org/fhir/StructureDefinition/Procedure|4.0.1]]}
","Part of this action","A procedure or observation that this questionnaire was performed as part of the execution of.  For example, the surgery a checklist was executed as part of.","Composition of questionnaire responses will be handled by the parent questionnaire having answers that reference the child questionnaire.  For relationships to referrals, and other types of requests, use basedOn.","","","","","","","","",,,,,"",,,,"QuestionnaireResponse.partOf",0,*,"","ele-1:All FHIR elements must have a @value or children {hasValue() or (children().count() > id.count())}
"
"genomic-trf-questionnaire-response","QuestionnaireResponse.questionnaire","QuestionnaireResponse.questionnaire","","Form
","",1,1,"","","Y","canonical {[]} {[CanonicalType[http://hl7.org/fhir/StructureDefinition/Questionnaire|4.0.1]]}
","Form being answered","The Questionnaire that defines and organizes the questions for which answers are being provided.","If a QuestionnaireResponse references a Questionnaire, then the QuestionnaireResponse structure must be consistent with the Questionnaire (i.e. questions must be organized into the same groups, nested questions must still be nested, etc.).","Needed to allow editing of the questionnaire response in a manner that enforces the constraints of the original form.","","","","","","","",,,,,"",,,,"QuestionnaireResponse.questionnaire",0,1,"","ele-1:All FHIR elements must have a @value or children {hasValue() or (children().count() > id.count())}
"
"genomic-trf-questionnaire-response","QuestionnaireResponse.status","QuestionnaireResponse.status","","","",1,1,"","Y","Y","code {[]} {[]}
","in-progress | completed | amended | entered-in-error | stopped","The position of the questionnaire response within its overall lifecycle.","This element is labeled as a modifier because the status contains codes that mark the resource as not currently valid.","The information on Questionnaire resources  may possibly be gathered during multiple sessions and altered after considered being finished.","","","","","","","",,"required","Lifecycle status of the questionnaire response.","http://hl7.org/fhir/ValueSet/questionnaire-answers-status|4.0.1","",,,,"QuestionnaireResponse.status",1,1,"","ele-1:All FHIR elements must have a @value or children {hasValue() or (children().count() > id.count())}
"
"genomic-trf-questionnaire-response","QuestionnaireResponse.subject","QuestionnaireResponse.subject","","Patient
Focus","",1,1,"","","Y","Reference {[]} {[CanonicalType[http://hl7.org/fhir/StructureDefinition/Resource|4.0.1]]}
","The subject of the questions","The subject of the questionnaire response.  This could be a patient, organization, practitioner, device, etc.  This is who/what the answers apply to, but is not necessarily the source of information.","If the Questionnaire declared a subjectType, the resource pointed to by this element must be an instance of one of the listed types.","Allows linking the answers to the individual the answers describe.  May also affect access control.","","","","","","","",,,,,"",,,,"QuestionnaireResponse.subject",0,1,"","ele-1:All FHIR elements must have a @value or children {hasValue() or (children().count() > id.count())}
"
"genomic-trf-questionnaire-response","QuestionnaireResponse.encounter","QuestionnaireResponse.encounter","","","",0,1,"","","Y","Reference {[]} {[CanonicalType[http://hl7.org/fhir/StructureDefinition/Encounter|4.0.1]]}
","Encounter created as part of","The Encounter during which this questionnaire response was created or to which the creation of this record is tightly associated.","This will typically be the encounter the event occurred within, but some activities may be initiated prior to or after the official completion of an encounter but still be tied to the context of the encounter. A questionnaire that was initiated during an encounter but not fully completed during the encounter would still generally be associated with the encounter.","Provides context for the information that was captured.  May also affect access control.","","","","","","","",,,,,"",,,,"QuestionnaireResponse.encounter",0,1,"","ele-1:All FHIR elements must have a @value or children {hasValue() or (children().count() > id.count())}
"
"genomic-trf-questionnaire-response","QuestionnaireResponse.authored","QuestionnaireResponse.authored","","Date Created
Date publishedDate IssuedDate updated","",0,1,"","","Y","dateTime {[]} {[]}
","Date the answers were gathered","The date and/or time that this set of answers were last changed.","May be different from the lastUpdateTime of the resource itself, because that reflects when the data was known to the server, not when the data was captured.

This element is optional to allow for systems that might not know the value, however it SHOULD be populated if possible.","Clinicians need to be able to check the date that the information in the questionnaire was collected, to derive the context of the answers.","","","","","","","",,,,,"",,,,"QuestionnaireResponse.authored",0,1,"","ele-1:All FHIR elements must have a @value or children {hasValue() or (children().count() > id.count())}
"
"genomic-trf-questionnaire-response","QuestionnaireResponse.author","QuestionnaireResponse.author","","Laboratory
ServicePractitionerDepartmentCompanyPerformer","",0,1,"","","Y","Reference {[]} {[CanonicalType[http://hl7.org/fhir/StructureDefinition/Device|4.0.1], CanonicalType[http://hl7.org/fhir/StructureDefinition/Practitioner|4.0.1], CanonicalType[http://hl7.org/fhir/StructureDefinition/PractitionerRole|4.0.1], CanonicalType[http://hl7.org/fhir/StructureDefinition/Patient|4.0.1], CanonicalType[http://hl7.org/fhir/StructureDefinition/RelatedPerson|4.0.1], CanonicalType[http://hl7.org/fhir/StructureDefinition/Organization|4.0.1]]}
","Person who received and recorded the answers","Person who received the answers to the questions in the QuestionnaireResponse and recorded them in the system.","Mapping a subject's answers to multiple choice options and determining what to put in the textual answer is a matter of interpretation.  Authoring by device would indicate that some portion of the questionnaire had been auto-populated.","Need to know who interpreted the subject's answers to the questions in the questionnaire, and selected the appropriate options for answers.","","","","","","","",,,,,"",,,,"QuestionnaireResponse.author",0,1,"","ele-1:All FHIR elements must have a @value or children {hasValue() or (children().count() > id.count())}
"
"genomic-trf-questionnaire-response","QuestionnaireResponse.source","QuestionnaireResponse.source","","","",0,1,"","","Y","Reference {[]} {[CanonicalType[http://hl7.org/fhir/StructureDefinition/Patient|4.0.1], CanonicalType[http://hl7.org/fhir/StructureDefinition/Practitioner|4.0.1], CanonicalType[http://hl7.org/fhir/StructureDefinition/PractitionerRole|4.0.1], CanonicalType[http://hl7.org/fhir/StructureDefinition/RelatedPerson|4.0.1]]}
","The person who answered the questions","The person who answered the questions about the subject.","If not specified, no inference can be made about who provided the data.","When answering questions about a subject that is minor, incapable of answering or an animal, another human source may answer the questions.","","","","","","","",,,,,"",,,,"QuestionnaireResponse.source",0,1,"","ele-1:All FHIR elements must have a @value or children {hasValue() or (children().count() > id.count())}
"
"genomic-trf-questionnaire-response","QuestionnaireResponse.item","QuestionnaireResponse.item","","","",0,*,"","","","BackboneElement {[]} {[]}
","Groups and questions","A group or question item from the original questionnaire for which answers are provided.","Groups cannot have answers and therefore must nest directly within item. When dealing with questions, nesting must occur within each answer because some questions may have multiple answers (and the nesting occurs for each answer).","","","","","","","","",,,,,"",,,,"QuestionnaireResponse.item",0,*,"","ele-1:All FHIR elements must have a @value or children {hasValue() or (children().count() > id.count())}
qrs-1:Nested item can't be beneath both item and answer {(answer.exists() and item.exists()).not()}"
"genomic-trf-questionnaire-response","QuestionnaireResponse.item.id","QuestionnaireResponse.item.id","","","",0,1,"","","","string {[]} {[]}
","Unique id for inter-element referencing","Unique id for the element within a resource (for internal references). This may be any string value that does not contain spaces.","","","","","","","","","",,,,,"",,,,"Element.id",0,1,"",""
"genomic-trf-questionnaire-response","QuestionnaireResponse.item.extension","QuestionnaireResponse.item.extension","","extensions
user content","",0,*,"","","","Extension {[]} {[]}
","Additional content defined by implementations","May be used to represent additional information that is not part of the basic definition of the element. To make the use of extensions safe and manageable, there is a strict set of governance  applied to the definition and use of extensions. Though any implementer can define an extension, there is a set of requirements that SHALL be met as part of the definition of the extension.","There can be no stigma associated with the use of extensions by any application, project, or standard - regardless of the institution or jurisdiction that uses or defines the extensions.  The use of extensions is what allows the FHIR specification to retain a core level of simplicity for everyone.","","","","","","","","",,,,,"",,,,"Element.extension",0,*,"","ele-1:All FHIR elements must have a @value or children {hasValue() or (children().count() > id.count())}
ext-1:Must have either extensions or value[x], not both {extension.exists() != value.exists()}"
"genomic-trf-questionnaire-response","QuestionnaireResponse.item.modifierExtension","QuestionnaireResponse.item.modifierExtension","","extensions
user contentmodifiers","",0,*,"","Y","Y","Extension {[]} {[]}
","Extensions that cannot be ignored even if unrecognized","May be used to represent additional information that is not part of the basic definition of the element and that modifies the understanding of the element in which it is contained and/or the understanding of the containing element's descendants. Usually modifier elements provide negation or qualification. To make the use of extensions safe and manageable, there is a strict set of governance applied to the definition and use of extensions. Though any implementer can define an extension, there is a set of requirements that SHALL be met as part of the definition of the extension. Applications processing a resource are required to check for modifier extensions.

Modifier extensions SHALL NOT change the meaning of any elements on Resource or DomainResource (including cannot change the meaning of modifierExtension itself).","There can be no stigma associated with the use of extensions by any application, project, or standard - regardless of the institution or jurisdiction that uses or defines the extensions.  The use of extensions is what allows the FHIR specification to retain a core level of simplicity for everyone.","Modifier extensions allow for extensions that *cannot* be safely ignored to be clearly distinguished from the vast majority of extensions which can be safely ignored.  This promotes interoperability by eliminating the need for implementers to prohibit the presence of extensions. For further information, see the [definition of modifier extensions](http://hl7.org/fhir/R4/extensibility.html#modifierExtension).","","","","","","","",,,,,"",,,,"BackboneElement.modifierExtension",0,*,"","ele-1:All FHIR elements must have a @value or children {hasValue() or (children().count() > id.count())}
ext-1:Must have either extensions or value[x], not both {extension.exists() != value.exists()}"
"genomic-trf-questionnaire-response","QuestionnaireResponse.item.linkId","QuestionnaireResponse.item.linkId","","","",1,1,"","","","string {[]} {[]}
","Pointer to specific item from Questionnaire","The item from the Questionnaire that corresponds to this item in the QuestionnaireResponse resource.","","Items can repeat in the answers, so a direct 1..1 correspondence by position might not exist - requiring correspondence by identifier.","","","","","","","",,,,,"",,,,"QuestionnaireResponse.item.linkId",1,1,"","ele-1:All FHIR elements must have a @value or children {hasValue() or (children().count() > id.count())}
"
"genomic-trf-questionnaire-response","QuestionnaireResponse.item.definition","QuestionnaireResponse.item.definition","","","",0,1,"","","","uri {[]} {[]}
","ElementDefinition - details for the item","A reference to an [ElementDefinition](http://hl7.org/fhir/R4/elementdefinition.html) that provides the details for the item.","The ElementDefinition must be in a [StructureDefinition](http://hl7.org/fhir/R4/structuredefinition.html#), and must have a fragment identifier that identifies the specific data element by its id (Element.id). E.g. http://hl7.org/fhir/StructureDefinition/Observation#Observation.value[x].

There is no need for this element if the item pointed to by the linkId has a definition listed.","A common pattern is to define a set of data elements, and then build multiple different questionnaires for different circumstances to gather the data. This element provides traceability to the common definition.","","","","","","","",,,,,"",,,,"QuestionnaireResponse.item.definition",0,1,"","ele-1:All FHIR elements must have a @value or children {hasValue() or (children().count() > id.count())}
"
"genomic-trf-questionnaire-response","QuestionnaireResponse.item.text","QuestionnaireResponse.item.text","","","",0,1,"","","","string {[]} {[]}
","Name for group or question text","Text that is displayed above the contents of the group or as the text of the question being answered.","","Allows the questionnaire response to be read without access to the questionnaire.","","","","","","","",,,,,"",,,,"QuestionnaireResponse.item.text",0,1,"","ele-1:All FHIR elements must have a @value or children {hasValue() or (children().count() > id.count())}
"
"genomic-trf-questionnaire-response","QuestionnaireResponse.item.answer","QuestionnaireResponse.item.answer","","","",0,*,"","","","BackboneElement {[]} {[]}
","The response(s) to the question","The respondent's answer(s) to the question.","The value is nested because we cannot have a repeating structure that has variable type.","","","","","","","","",,,,,"",,,,"QuestionnaireResponse.item.answer",0,*,"","ele-1:All FHIR elements must have a @value or children {hasValue() or (children().count() > id.count())}
"
"genomic-trf-questionnaire-response","QuestionnaireResponse.item.answer.id","QuestionnaireResponse.item.answer.id","","","",0,1,"","","","string {[]} {[]}
","Unique id for inter-element referencing","Unique id for the element within a resource (for internal references). This may be any string value that does not contain spaces.","","","","","","","","","",,,,,"",,,,"Element.id",0,1,"",""
"genomic-trf-questionnaire-response","QuestionnaireResponse.item.answer.extension","QuestionnaireResponse.item.answer.extension","","extensions
user content","",0,*,"","","","Extension {[]} {[]}
","Additional content defined by implementations","May be used to represent additional information that is not part of the basic definition of the element. To make the use of extensions safe and manageable, there is a strict set of governance  applied to the definition and use of extensions. Though any implementer can define an extension, there is a set of requirements that SHALL be met as part of the definition of the extension.","There can be no stigma associated with the use of extensions by any application, project, or standard - regardless of the institution or jurisdiction that uses or defines the extensions.  The use of extensions is what allows the FHIR specification to retain a core level of simplicity for everyone.","","","","","","","","",,,,,"",,,,"Element.extension",0,*,"","ele-1:All FHIR elements must have a @value or children {hasValue() or (children().count() > id.count())}
ext-1:Must have either extensions or value[x], not both {extension.exists() != value.exists()}"
"genomic-trf-questionnaire-response","QuestionnaireResponse.item.answer.modifierExtension","QuestionnaireResponse.item.answer.modifierExtension","","extensions
user contentmodifiers","",0,*,"","Y","Y","Extension {[]} {[]}
","Extensions that cannot be ignored even if unrecognized","May be used to represent additional information that is not part of the basic definition of the element and that modifies the understanding of the element in which it is contained and/or the understanding of the containing element's descendants. Usually modifier elements provide negation or qualification. To make the use of extensions safe and manageable, there is a strict set of governance applied to the definition and use of extensions. Though any implementer can define an extension, there is a set of requirements that SHALL be met as part of the definition of the extension. Applications processing a resource are required to check for modifier extensions.

Modifier extensions SHALL NOT change the meaning of any elements on Resource or DomainResource (including cannot change the meaning of modifierExtension itself).","There can be no stigma associated with the use of extensions by any application, project, or standard - regardless of the institution or jurisdiction that uses or defines the extensions.  The use of extensions is what allows the FHIR specification to retain a core level of simplicity for everyone.","Modifier extensions allow for extensions that *cannot* be safely ignored to be clearly distinguished from the vast majority of extensions which can be safely ignored.  This promotes interoperability by eliminating the need for implementers to prohibit the presence of extensions. For further information, see the [definition of modifier extensions](http://hl7.org/fhir/R4/extensibility.html#modifierExtension).","","","","","","","",,,,,"",,,,"BackboneElement.modifierExtension",0,*,"","ele-1:All FHIR elements must have a @value or children {hasValue() or (children().count() > id.count())}
ext-1:Must have either extensions or value[x], not both {extension.exists() != value.exists()}"
"genomic-trf-questionnaire-response","QuestionnaireResponse.item.answer.value[x]","QuestionnaireResponse.item.answer.value[x]","","","",0,1,"","","","boolean {[]} {[]}
decimal {[]} {[]}integer {[]} {[]}date {[]} {[]}dateTime {[]} {[]}time {[]} {[]}string {[]} {[]}uri {[]} {[]}Attachment {[]} {[]}Coding {[]} {[]}Quantity {[]} {[]}Reference {[]} {[CanonicalType[http://hl7.org/fhir/StructureDefinition/Resource|4.0.1]]}","Single-valued answer to the question","The answer (or one of the answers) provided by the respondent to the question.","More complex structures (Attachment, Resource and Quantity) will typically be limited to electronic forms that can expose an appropriate user interface to capture the components and enforce the constraints of a complex data type.  Additional complex types can be introduced through extensions. Must match the datatype specified by Questionnaire.item.type in the corresponding Questionnaire.","Ability to retain a single-valued answer to a question.","","","","","","","",,"example","Code indicating the response provided for a question.","http://hl7.org/fhir/ValueSet/questionnaire-answers|4.0.1","",,,,"QuestionnaireResponse.item.answer.value[x]",0,1,"","ele-1:All FHIR elements must have a @value or children {hasValue() or (children().count() > id.count())}
"
"genomic-trf-questionnaire-response","QuestionnaireResponse.item.answer.item","QuestionnaireResponse.item.answer.item","","","",0,*,"","","","null {[]} {[]}
","Nested groups and questions","Nested groups and/or questions found within this particular answer.","","It is useful to have ""sub-questions"", questions which normally appear when certain answers are given and which collect additional details.","","","","","","","",,,,,"",,,,"QuestionnaireResponse.item.answer.item",0,*,"","ele-1:All FHIR elements must have a @value or children {hasValue() or (children().count() > id.count())}
"
"genomic-trf-questionnaire-response","QuestionnaireResponse.item.item","QuestionnaireResponse.item.item","","","",0,*,"","","","null {[]} {[]}
","Nested questionnaire response items","Questions or sub-groups nested beneath a question or group.","","Reports can consist of complex nested groups.","","","","","","","",,,,,"",,,,"QuestionnaireResponse.item.item",0,*,"","ele-1:All FHIR elements must have a @value or children {hasValue() or (children().count() > id.count())}
"
"genomic-trf-specimen","Specimen","Specimen","","","",0,*,"","","","null {[]} {[]}
","Sample for analysis","A sample to be used for analysis.","","","","","","","","","",,,,,"",,,,"Specimen",0,*,"","dom-2:If the resource is contained in another resource, it SHALL NOT contain nested Resources {contained.contained.empty()}
dom-3:If the resource is contained in another resource, it SHALL be referred to from elsewhere in the resource or SHALL refer to the containing resource {contained.where((('#'+id in (%resource.descendants().reference | %resource.descendants().as(canonical) | %resource.descendants().as(uri) | %resource.descendants().as(url))) or descendants().where(reference = '#').exists() or descendants().where(as(canonical) = '#').exists() or descendants().where(as(canonical) = '#').exists()).not()).trace('unmatched', id).empty()}dom-4:If a resource is contained in another resource, it SHALL NOT have a meta.versionId or a meta.lastUpdated {contained.meta.versionId.empty() and contained.meta.lastUpdated.empty()}dom-5:If a resource is contained in another resource, it SHALL NOT have a security label {contained.meta.security.empty()}dom-6:A resource should have narrative for robust management {text.`div`.exists()}"
"genomic-trf-specimen","Specimen.id","Specimen.id","","","",0,1,"","","Y","id {[]} {[]}
","Logical id of this artifact","The logical id of the resource, as used in the URL for the resource. Once assigned, this value never changes.","The only time that a resource does not have an id is when it is being submitted to the server using a create operation.","","","","","","","","",,,,,"",,,,"Resource.id",0,1,"",""
"genomic-trf-specimen","Specimen.meta","Specimen.meta","","","",0,1,"","","Y","Meta {[]} {[]}
","Metadata about the resource","The metadata about the resource. This is content that is maintained by the infrastructure. Changes to the content might not always be associated with version changes to the resource.","","","","","","","","","",,,,,"",,,,"Resource.meta",0,1,"","ele-1:All FHIR elements must have a @value or children {hasValue() or (children().count() > id.count())}
"
"genomic-trf-specimen","Specimen.implicitRules","Specimen.implicitRules","","","",0,1,"","Y","Y","uri {[]} {[]}
","A set of rules under which this content was created","A reference to a set of rules that were followed when the resource was constructed, and which must be understood when processing the content. Often, this is a reference to an implementation guide that defines the special rules along with other profiles etc.","Asserting this rule set restricts the content to be only understood by a limited set of trading partners. This inherently limits the usefulness of the data in the long term. However, the existing health eco-system is highly fractured, and not yet ready to define, collect, and exchange data in a generally computable sense. Wherever possible, implementers and/or specification writers should avoid using this element. Often, when used, the URL is a reference to an implementation guide that defines these special rules as part of it's narrative along with other profiles, value sets, etc.","","","","","","","","",,,,,"",,,,"Resource.implicitRules",0,1,"","ele-1:All FHIR elements must have a @value or children {hasValue() or (children().count() > id.count())}
"
"genomic-trf-specimen","Specimen.language","Specimen.language","","","",0,1,"","","","code {[]} {[]}
","Language of the resource content","The base language in which the resource is written.","Language is provided to support indexing and accessibility (typically, services such as text to speech use the language tag). The html language tag in the narrative applies  to the narrative. The language tag on the resource may be used to specify the language of other presentations generated from the data in the resource. Not all the content has to be in the base language. The Resource.language should not be assumed to apply to the narrative automatically. If a language is specified, it should it also be specified on the div element in the html (see rules in HTML5 for information about the relationship between xml:lang and the html lang attribute).","","","","","","","","",,"preferred","A human language.","http://hl7.org/fhir/ValueSet/languages|4.0.1","",,,,"Resource.language",0,1,"","ele-1:All FHIR elements must have a @value or children {hasValue() or (children().count() > id.count())}
"
"genomic-trf-specimen","Specimen.text","Specimen.text","","narrative
htmlxhtmldisplay","",0,1,"","","","Narrative {[]} {[]}
","Text summary of the resource, for human interpretation","A human-readable narrative that contains a summary of the resource and can be used to represent the content of the resource to a human. The narrative need not encode all the structured data, but is required to contain sufficient detail to make it ""clinically safe"" for a human to just read the narrative. Resource definitions may define what content should be represented in the narrative to ensure clinical safety.","Contained resources do not have narrative. Resources that are not contained SHOULD have a narrative. In some cases, a resource may only have text with little or no additional discrete data (as long as all minOccurs=1 elements are satisfied).  This may be necessary for data from legacy systems where information is captured as a ""text blob"" or where text is additionally entered raw or narrated and encoded information is added later.","","","","","","","","",,,,,"",,,,"DomainResource.text",0,1,"","ele-1:All FHIR elements must have a @value or children {hasValue() or (children().count() > id.count())}
"
"genomic-trf-specimen","Specimen.contained","Specimen.contained","","inline resources
anonymous resourcescontained resources","",0,*,"","","","Resource {[]} {[]}
","Contained, inline Resources","These resources do not have an independent existence apart from the resource that contains them - they cannot be identified independently, and nor can they have their own independent transaction scope.","This should never be done when the content can be identified properly, as once identification is lost, it is extremely difficult (and context dependent) to restore it again. Contained resources may have profiles and tags In their meta elements, but SHALL NOT have security labels.","","","","","","","","",,,,,"",,,,"DomainResource.contained",0,*,"",""
"genomic-trf-specimen","Specimen.extension","Specimen.extension","","extensions
user content","",0,*,"","","","Extension {[]} {[]}
","Additional content defined by implementations","May be used to represent additional information that is not part of the basic definition of the resource. To make the use of extensions safe and manageable, there is a strict set of governance  applied to the definition and use of extensions. Though any implementer can define an extension, there is a set of requirements that SHALL be met as part of the definition of the extension.","There can be no stigma associated with the use of extensions by any application, project, or standard - regardless of the institution or jurisdiction that uses or defines the extensions.  The use of extensions is what allows the FHIR specification to retain a core level of simplicity for everyone.","","","","","","","","",,,,,"",,,,"DomainResource.extension",0,*,"","ele-1:All FHIR elements must have a @value or children {hasValue() or (children().count() > id.count())}
ext-1:Must have either extensions or value[x], not both {extension.exists() != value.exists()}"
"genomic-trf-specimen","Specimen.modifierExtension","Specimen.modifierExtension","","extensions
user content","",0,*,"","Y","","Extension {[]} {[]}
","Extensions that cannot be ignored","May be used to represent additional information that is not part of the basic definition of the resource and that modifies the understanding of the element that contains it and/or the understanding of the containing element's descendants. Usually modifier elements provide negation or qualification. To make the use of extensions safe and manageable, there is a strict set of governance applied to the definition and use of extensions. Though any implementer is allowed to define an extension, there is a set of requirements that SHALL be met as part of the definition of the extension. Applications processing a resource are required to check for modifier extensions.

Modifier extensions SHALL NOT change the meaning of any elements on Resource or DomainResource (including cannot change the meaning of modifierExtension itself).","There can be no stigma associated with the use of extensions by any application, project, or standard - regardless of the institution or jurisdiction that uses or defines the extensions.  The use of extensions is what allows the FHIR specification to retain a core level of simplicity for everyone.","Modifier extensions allow for extensions that *cannot* be safely ignored to be clearly distinguished from the vast majority of extensions which can be safely ignored.  This promotes interoperability by eliminating the need for implementers to prohibit the presence of extensions. For further information, see the [definition of modifier extensions](http://hl7.org/fhir/R4/extensibility.html#modifierExtension).","","","","","","","",,,,,"",,,,"DomainResource.modifierExtension",0,*,"","ele-1:All FHIR elements must have a @value or children {hasValue() or (children().count() > id.count())}
ext-1:Must have either extensions or value[x], not both {extension.exists() != value.exists()}"
"genomic-trf-specimen","Specimen.identifier","Specimen.identifier","","","",1,*,"","","Y","Identifier {[]} {[]}
","External Identifier","Id for specimen.","","","","","","","","","",,,,,"",,,,"Specimen.identifier",0,*,"","ele-1:All FHIR elements must have a @value or children {hasValue() or (children().count() > id.count())}
"
"genomic-trf-specimen","Specimen.accessionIdentifier","Specimen.accessionIdentifier","","","",0,1,"","","Y","Identifier {[]} {[]}
","Identifier assigned by the lab","The identifier assigned by the lab when accessioning specimen(s). This is not necessarily the same as the specimen identifier, depending on local lab procedures.","","","","","","","","","",,,,,"",,,,"Specimen.accessionIdentifier",0,1,"","ele-1:All FHIR elements must have a @value or children {hasValue() or (children().count() > id.count())}
"
"genomic-trf-specimen","Specimen.status","Specimen.status","","","",0,1,"","Y","Y","code {[]} {[]}
","available | unavailable | unsatisfactory | entered-in-error","The availability of the specimen.","This element is labeled as a modifier because the status contains codes that mark the resource as not currently valid.","","","","","","","","",,"required","Codes providing the status/availability of a specimen.","http://hl7.org/fhir/ValueSet/specimen-status|4.0.1","",,,,"Specimen.status",0,1,"","ele-1:All FHIR elements must have a @value or children {hasValue() or (children().count() > id.count())}
"
"genomic-trf-specimen","Specimen.type","Specimen.type","","","",1,1,"","","Y","CodeableConcept {[]} {[]}
","Kind of material that forms the specimen","The kind of material that forms the specimen.","The type can change the way that a specimen is handled and drives what kind of analyses can properly be performed on the specimen. It is frequently used in diagnostic work flow decision making systems.","","","","","","","","",,"example","The type of the specimen.","http://terminology.hl7.org/ValueSet/v2-0487","",,,,"Specimen.type",0,1,"","ele-1:All FHIR elements must have a @value or children {hasValue() or (children().count() > id.count())}
"
"genomic-trf-specimen","Specimen.subject","Specimen.subject","","","",1,1,"","","Y","Reference {[]} {[CanonicalType[http://hl7.org/fhir/StructureDefinition/Patient|4.0.1], CanonicalType[http://hl7.org/fhir/StructureDefinition/Group|4.0.1], CanonicalType[http://hl7.org/fhir/StructureDefinition/Device|4.0.1], CanonicalType[http://hl7.org/fhir/StructureDefinition/Substance|4.0.1], CanonicalType[http://hl7.org/fhir/StructureDefinition/Location|4.0.1]]}
","Where the specimen came from. This may be from patient(s), from a location (e.g., the source of an environmental sample), or a sampling of a substance or a device","Where the specimen came from. This may be from patient(s), from a location (e.g., the source of an environmental sample), or a sampling of a substance or a device.","","Must know the subject context.","","","","","","","",,,,,"",,,,"Specimen.subject",0,1,"","ele-1:All FHIR elements must have a @value or children {hasValue() or (children().count() > id.count())}
"
"genomic-trf-specimen","Specimen.receivedTime","Specimen.receivedTime","","","",0,1,"","","Y","dateTime {[]} {[]}
","The time when specimen was received for processing","Time when specimen was received for processing or testing.","","","","","","","","","",,,,,"",,,,"Specimen.receivedTime",0,1,"","ele-1:All FHIR elements must have a @value or children {hasValue() or (children().count() > id.count())}
"
"genomic-trf-specimen","Specimen.parent","Specimen.parent","","","",0,*,"","","","Reference {[]} {[CanonicalType[http://hl7.org/fhir/StructureDefinition/Specimen|4.0.1]]}
","Specimen from which this specimen originated","Reference to the parent (source) specimen which is used when the specimen was either derived from or a component of another specimen.","The parent specimen could be the source from which the current specimen is derived by some processing step (e.g. an aliquot or isolate or extracted nucleic acids from clinical samples) or one of many specimens that were combined to create a pooled sample.","","","","","","","","",,,,,"",,,,"Specimen.parent",0,*,"","ele-1:All FHIR elements must have a @value or children {hasValue() or (children().count() > id.count())}
"
"genomic-trf-specimen","Specimen.request","Specimen.request","","","",1,*,"","","","Reference {[]} {[CanonicalType[http://hl7.org/fhir/StructureDefinition/ServiceRequest|4.0.1]]}
","Why the specimen was collected","Details concerning a service request that required a specimen to be collected.","The request may be explicit or implied such with a ServiceRequest that requires a blood draw.","","","","","","","","",,,,,"",,,,"Specimen.request",0,*,"","ele-1:All FHIR elements must have a @value or children {hasValue() or (children().count() > id.count())}
"
"genomic-trf-specimen","Specimen.collection","Specimen.collection","","","",0,1,"","","","BackboneElement {[]} {[]}
","Collection details","Details concerning the specimen collection.","","","","","","","","","",,,,,"",,,,"Specimen.collection",0,1,"","ele-1:All FHIR elements must have a @value or children {hasValue() or (children().count() > id.count())}
"
"genomic-trf-specimen","Specimen.collection.id","Specimen.collection.id","","","",0,1,"","","","string {[]} {[]}
","Unique id for inter-element referencing","Unique id for the element within a resource (for internal references). This may be any string value that does not contain spaces.","","","","","","","","","",,,,,"",,,,"Element.id",0,1,"",""
"genomic-trf-specimen","Specimen.collection.extension","Specimen.collection.extension","","extensions
user content","",0,*,"","","","Extension {[]} {[]}
","Additional content defined by implementations","May be used to represent additional information that is not part of the basic definition of the element. To make the use of extensions safe and manageable, there is a strict set of governance  applied to the definition and use of extensions. Though any implementer can define an extension, there is a set of requirements that SHALL be met as part of the definition of the extension.","There can be no stigma associated with the use of extensions by any application, project, or standard - regardless of the institution or jurisdiction that uses or defines the extensions.  The use of extensions is what allows the FHIR specification to retain a core level of simplicity for everyone.","","","","","","","","",,,,,"",,,,"Element.extension",0,*,"","ele-1:All FHIR elements must have a @value or children {hasValue() or (children().count() > id.count())}
ext-1:Must have either extensions or value[x], not both {extension.exists() != value.exists()}"
"genomic-trf-specimen","Specimen.collection.modifierExtension","Specimen.collection.modifierExtension","","extensions
user contentmodifiers","",0,*,"","Y","Y","Extension {[]} {[]}
","Extensions that cannot be ignored even if unrecognized","May be used to represent additional information that is not part of the basic definition of the element and that modifies the understanding of the element in which it is contained and/or the understanding of the containing element's descendants. Usually modifier elements provide negation or qualification. To make the use of extensions safe and manageable, there is a strict set of governance applied to the definition and use of extensions. Though any implementer can define an extension, there is a set of requirements that SHALL be met as part of the definition of the extension. Applications processing a resource are required to check for modifier extensions.

Modifier extensions SHALL NOT change the meaning of any elements on Resource or DomainResource (including cannot change the meaning of modifierExtension itself).","There can be no stigma associated with the use of extensions by any application, project, or standard - regardless of the institution or jurisdiction that uses or defines the extensions.  The use of extensions is what allows the FHIR specification to retain a core level of simplicity for everyone.","Modifier extensions allow for extensions that *cannot* be safely ignored to be clearly distinguished from the vast majority of extensions which can be safely ignored.  This promotes interoperability by eliminating the need for implementers to prohibit the presence of extensions. For further information, see the [definition of modifier extensions](http://hl7.org/fhir/R4/extensibility.html#modifierExtension).","","","","","","","",,,,,"",,,,"BackboneElement.modifierExtension",0,*,"","ele-1:All FHIR elements must have a @value or children {hasValue() or (children().count() > id.count())}
ext-1:Must have either extensions or value[x], not both {extension.exists() != value.exists()}"
"genomic-trf-specimen","Specimen.collection.collector","Specimen.collection.collector","","","",0,1,"","","Y","Reference {[]} {[CanonicalType[http://hl7.org/fhir/StructureDefinition/Practitioner|4.0.1], CanonicalType[http://hl7.org/fhir/StructureDefinition/PractitionerRole|4.0.1]]}
","Who collected the specimen","Person who collected the specimen.","","","","","","","","","",,,,,"",,,,"Specimen.collection.collector",0,1,"","ele-1:All FHIR elements must have a @value or children {hasValue() or (children().count() > id.count())}
"
"genomic-trf-specimen","Specimen.collection.collected[x]","Specimen.collection.collected[x]","","","",0,1,"","","Y","dateTime {[]} {[]}
Period {[]} {[]}","Collection time","Time when specimen was collected from subject - the physiologically relevant time.","","","","","","","","","",,,,,"",,,,"Specimen.collection.collected[x]",0,1,"","ele-1:All FHIR elements must have a @value or children {hasValue() or (children().count() > id.count())}
"
"genomic-trf-specimen","Specimen.collection.duration","Specimen.collection.duration","","","",0,1,"","","Y","Duration {[]} {[]}
","How long it took to collect specimen","The span of time over which the collection of a specimen occurred.","","","","","","","","","",,,,,"",,,,"Specimen.collection.duration",0,1,"","ele-1:All FHIR elements must have a @value or children {hasValue() or (children().count() > id.count())}
"
"genomic-trf-specimen","Specimen.collection.quantity","Specimen.collection.quantity","","","",0,1,"","","","Quantity {[CanonicalType[http://hl7.org/fhir/StructureDefinition/SimpleQuantity|4.0.1]]} {[]}
","The quantity of specimen collected","The quantity of specimen collected; for instance the volume of a blood sample, or the physical measurement of an anatomic pathology sample.","","","","","","","","","",,,,,"",,,,"Specimen.collection.quantity",0,1,"","ele-1:All FHIR elements must have a @value or children {hasValue() or (children().count() > id.count())}
"
"genomic-trf-specimen","Specimen.collection.method","Specimen.collection.method","","","",0,1,"","","","CodeableConcept {[]} {[]}
","Technique used to perform collection","A coded value specifying the technique that is used to perform the procedure.","","","","","","","","","",,"example","The  technique that is used to perform the procedure.","http://hl7.org/fhir/ValueSet/specimen-collection-method|4.0.1","",,,,"Specimen.collection.method",0,1,"","ele-1:All FHIR elements must have a @value or children {hasValue() or (children().count() > id.count())}
"
"genomic-trf-specimen","Specimen.collection.bodySite","Specimen.collection.bodySite","","","",0,1,"","","","CodeableConcept {[]} {[]}
","Anatomical collection site","Anatomical location from which the specimen was collected (if subject is a patient). This is the target site.  This element is not used for environmental specimens.","If the use case requires  BodySite to be handled as a separate resource instead of an inline coded element (e.g. to identify and track separately)  then use the standard extension [bodySite](http://hl7.org/fhir/R4/extension-bodysite.html).","","","","","","","","",,"example","Codes describing anatomical locations. May include laterality.","http://hl7.org/fhir/ValueSet/body-site|4.0.1","",,,,"Specimen.collection.bodySite",0,1,"","ele-1:All FHIR elements must have a @value or children {hasValue() or (children().count() > id.count())}
"
"genomic-trf-specimen","Specimen.collection.fastingStatus[x]","Specimen.collection.fastingStatus[x]","","","",0,1,"","","Y","CodeableConcept {[]} {[]}
Duration {[]} {[]}","Whether or how long patient abstained from food and/or drink","Abstinence or reduction from some or all food, drink, or both, for a period of time prior to sample collection.","Representing fasting status using this element is preferred to representing it with an observation using a 'pre-coordinated code'  such as  LOINC 2005-7 (Calcium [Moles/​time] in 2 hour Urine --12 hours fasting), or  using  a component observation ` such as `Observation.component code`  = LOINC 49541-6 (Fasting status - Reported).","Many diagnostic tests require fasting  to facilitate accurate interpretation.","","","","","","","",,"extensible","Codes describing the fasting status of the patient.","http://terminology.hl7.org/ValueSet/v2-0916","",,,,"Specimen.collection.fastingStatus[x]",0,1,"","ele-1:All FHIR elements must have a @value or children {hasValue() or (children().count() > id.count())}
"
"genomic-trf-specimen","Specimen.processing","Specimen.processing","","","",0,*,"","","","BackboneElement {[]} {[]}
","Processing and processing step details","Details concerning processing and processing steps for the specimen.","","","","","","","","","",,,,,"",,,,"Specimen.processing",0,*,"","ele-1:All FHIR elements must have a @value or children {hasValue() or (children().count() > id.count())}
"
"genomic-trf-specimen","Specimen.processing.id","Specimen.processing.id","","","",0,1,"","","","string {[]} {[]}
","Unique id for inter-element referencing","Unique id for the element within a resource (for internal references). This may be any string value that does not contain spaces.","","","","","","","","","",,,,,"",,,,"Element.id",0,1,"",""
"genomic-trf-specimen","Specimen.processing.extension","Specimen.processing.extension","","extensions
user content","",0,*,"","","","Extension {[]} {[]}
","Additional content defined by implementations","May be used to represent additional information that is not part of the basic definition of the element. To make the use of extensions safe and manageable, there is a strict set of governance  applied to the definition and use of extensions. Though any implementer can define an extension, there is a set of requirements that SHALL be met as part of the definition of the extension.","There can be no stigma associated with the use of extensions by any application, project, or standard - regardless of the institution or jurisdiction that uses or defines the extensions.  The use of extensions is what allows the FHIR specification to retain a core level of simplicity for everyone.","","","","","","","","",,,,,"",,,,"Element.extension",0,*,"","ele-1:All FHIR elements must have a @value or children {hasValue() or (children().count() > id.count())}
ext-1:Must have either extensions or value[x], not both {extension.exists() != value.exists()}"
"genomic-trf-specimen","Specimen.processing.modifierExtension","Specimen.processing.modifierExtension","","extensions
user contentmodifiers","",0,*,"","Y","Y","Extension {[]} {[]}
","Extensions that cannot be ignored even if unrecognized","May be used to represent additional information that is not part of the basic definition of the element and that modifies the understanding of the element in which it is contained and/or the understanding of the containing element's descendants. Usually modifier elements provide negation or qualification. To make the use of extensions safe and manageable, there is a strict set of governance applied to the definition and use of extensions. Though any implementer can define an extension, there is a set of requirements that SHALL be met as part of the definition of the extension. Applications processing a resource are required to check for modifier extensions.

Modifier extensions SHALL NOT change the meaning of any elements on Resource or DomainResource (including cannot change the meaning of modifierExtension itself).","There can be no stigma associated with the use of extensions by any application, project, or standard - regardless of the institution or jurisdiction that uses or defines the extensions.  The use of extensions is what allows the FHIR specification to retain a core level of simplicity for everyone.","Modifier extensions allow for extensions that *cannot* be safely ignored to be clearly distinguished from the vast majority of extensions which can be safely ignored.  This promotes interoperability by eliminating the need for implementers to prohibit the presence of extensions. For further information, see the [definition of modifier extensions](http://hl7.org/fhir/R4/extensibility.html#modifierExtension).","","","","","","","",,,,,"",,,,"BackboneElement.modifierExtension",0,*,"","ele-1:All FHIR elements must have a @value or children {hasValue() or (children().count() > id.count())}
ext-1:Must have either extensions or value[x], not both {extension.exists() != value.exists()}"
"genomic-trf-specimen","Specimen.processing.description","Specimen.processing.description","","","",0,1,"","","","string {[]} {[]}
","Textual description of procedure","Textual description of procedure.","","","","","","","","","",,,,,"",,,,"Specimen.processing.description",0,1,"","ele-1:All FHIR elements must have a @value or children {hasValue() or (children().count() > id.count())}
"
"genomic-trf-specimen","Specimen.processing.procedure","Specimen.processing.procedure","","","",0,1,"","","","CodeableConcept {[]} {[]}
","Indicates the treatment step  applied to the specimen","A coded value specifying the procedure used to process the specimen.","","","","","","","","","",,"example","Type indicating the technique used to process the specimen.","http://hl7.org/fhir/ValueSet/specimen-processing-procedure|4.0.1","",,,,"Specimen.processing.procedure",0,1,"","ele-1:All FHIR elements must have a @value or children {hasValue() or (children().count() > id.count())}
"
"genomic-trf-specimen","Specimen.processing.additive","Specimen.processing.additive","","","",0,*,"","","","Reference {[]} {[CanonicalType[http://hl7.org/fhir/StructureDefinition/Substance|4.0.1]]}
","Material used in the processing step","Material used in the processing step.","","","","","","","","","",,,,,"",,,,"Specimen.processing.additive",0,*,"","ele-1:All FHIR elements must have a @value or children {hasValue() or (children().count() > id.count())}
"
"genomic-trf-specimen","Specimen.processing.time[x]","Specimen.processing.time[x]","","","",0,1,"","","","dateTime {[]} {[]}
Period {[]} {[]}","Date and time of specimen processing","A record of the time or period when the specimen processing occurred.  For example the time of sample fixation or the period of time the sample was in formalin.","","","","","","","","","",,,,,"",,,,"Specimen.processing.time[x]",0,1,"","ele-1:All FHIR elements must have a @value or children {hasValue() or (children().count() > id.count())}
"
"genomic-trf-specimen","Specimen.container","Specimen.container","","","",0,*,"","","","BackboneElement {[]} {[]}
","Direct container of specimen (tube/slide, etc.)","The container holding the specimen.  The recursive nature of containers; i.e. blood in tube in tray in rack is not addressed here.","","","","","","","","","",,,,,"",,,,"Specimen.container",0,*,"","ele-1:All FHIR elements must have a @value or children {hasValue() or (children().count() > id.count())}
"
"genomic-trf-specimen","Specimen.container.id","Specimen.container.id","","","",0,1,"","","","string {[]} {[]}
","Unique id for inter-element referencing","Unique id for the element within a resource (for internal references). This may be any string value that does not contain spaces.","","","","","","","","","",,,,,"",,,,"Element.id",0,1,"",""
"genomic-trf-specimen","Specimen.container.extension","Specimen.container.extension","","extensions
user content","",0,*,"","","","Extension {[]} {[]}
","Additional content defined by implementations","May be used to represent additional information that is not part of the basic definition of the element. To make the use of extensions safe and manageable, there is a strict set of governance  applied to the definition and use of extensions. Though any implementer can define an extension, there is a set of requirements that SHALL be met as part of the definition of the extension.","There can be no stigma associated with the use of extensions by any application, project, or standard - regardless of the institution or jurisdiction that uses or defines the extensions.  The use of extensions is what allows the FHIR specification to retain a core level of simplicity for everyone.","","","","","","","","",,,,,"",,,,"Element.extension",0,*,"","ele-1:All FHIR elements must have a @value or children {hasValue() or (children().count() > id.count())}
ext-1:Must have either extensions or value[x], not both {extension.exists() != value.exists()}"
"genomic-trf-specimen","Specimen.container.modifierExtension","Specimen.container.modifierExtension","","extensions
user contentmodifiers","",0,*,"","Y","Y","Extension {[]} {[]}
","Extensions that cannot be ignored even if unrecognized","May be used to represent additional information that is not part of the basic definition of the element and that modifies the understanding of the element in which it is contained and/or the understanding of the containing element's descendants. Usually modifier elements provide negation or qualification. To make the use of extensions safe and manageable, there is a strict set of governance applied to the definition and use of extensions. Though any implementer can define an extension, there is a set of requirements that SHALL be met as part of the definition of the extension. Applications processing a resource are required to check for modifier extensions.

Modifier extensions SHALL NOT change the meaning of any elements on Resource or DomainResource (including cannot change the meaning of modifierExtension itself).","There can be no stigma associated with the use of extensions by any application, project, or standard - regardless of the institution or jurisdiction that uses or defines the extensions.  The use of extensions is what allows the FHIR specification to retain a core level of simplicity for everyone.","Modifier extensions allow for extensions that *cannot* be safely ignored to be clearly distinguished from the vast majority of extensions which can be safely ignored.  This promotes interoperability by eliminating the need for implementers to prohibit the presence of extensions. For further information, see the [definition of modifier extensions](http://hl7.org/fhir/R4/extensibility.html#modifierExtension).","","","","","","","",,,,,"",,,,"BackboneElement.modifierExtension",0,*,"","ele-1:All FHIR elements must have a @value or children {hasValue() or (children().count() > id.count())}
ext-1:Must have either extensions or value[x], not both {extension.exists() != value.exists()}"
"genomic-trf-specimen","Specimen.container.identifier","Specimen.container.identifier","","","",0,*,"","","Y","Identifier {[]} {[]}
","Id for the container","Id for container. There may be multiple; a manufacturer's bar code, lab assigned identifier, etc. The container ID may differ from the specimen id in some circumstances.","","","","","","","","","",,,,,"",,,,"Specimen.container.identifier",0,*,"","ele-1:All FHIR elements must have a @value or children {hasValue() or (children().count() > id.count())}
"
"genomic-trf-specimen","Specimen.container.description","Specimen.container.description","","","",0,1,"","","","string {[]} {[]}
","Textual description of the container","Textual description of the container.","","","","","","","","","",,,,,"",,,,"Specimen.container.description",0,1,"","ele-1:All FHIR elements must have a @value or children {hasValue() or (children().count() > id.count())}
"
"genomic-trf-specimen","Specimen.container.type","Specimen.container.type","","","",0,1,"","","","CodeableConcept {[]} {[]}
","Kind of container directly associated with specimen","The type of container associated with the specimen (e.g. slide, aliquot, etc.).","","","","","","","","","",,"example","Type of specimen container.","http://hl7.org/fhir/ValueSet/specimen-container-type|4.0.1","",,,,"Specimen.container.type",0,1,"","ele-1:All FHIR elements must have a @value or children {hasValue() or (children().count() > id.count())}
"
"genomic-trf-specimen","Specimen.container.capacity","Specimen.container.capacity","","","",0,1,"","","","Quantity {[CanonicalType[http://hl7.org/fhir/StructureDefinition/SimpleQuantity|4.0.1]]} {[]}
","Container volume or size","The capacity (volume or other measure) the container may contain.","","","","","","","","","",,,,,"",,,,"Specimen.container.capacity",0,1,"","ele-1:All FHIR elements must have a @value or children {hasValue() or (children().count() > id.count())}
"
"genomic-trf-specimen","Specimen.container.specimenQuantity","Specimen.container.specimenQuantity","","","",0,1,"","","","Quantity {[CanonicalType[http://hl7.org/fhir/StructureDefinition/SimpleQuantity|4.0.1]]} {[]}
","Quantity of specimen within container","The quantity of specimen in the container; may be volume, dimensions, or other appropriate measurements, depending on the specimen type.","","","","","","","","","",,,,,"",,,,"Specimen.container.specimenQuantity",0,1,"","ele-1:All FHIR elements must have a @value or children {hasValue() or (children().count() > id.count())}
"
"genomic-trf-specimen","Specimen.container.additive[x]","Specimen.container.additive[x]","","","",0,1,"","","","CodeableConcept {[]} {[]}
Reference {[]} {[CanonicalType[http://hl7.org/fhir/StructureDefinition/Substance|4.0.1]]}","Additive associated with container","Introduced substance to preserve, maintain or enhance the specimen. Examples: Formalin, Citrate, EDTA.","","","","","","","","","",,"example","Substance added to specimen container.","http://terminology.hl7.org/ValueSet/v2-0371","",,,,"Specimen.container.additive[x]",0,1,"","ele-1:All FHIR elements must have a @value or children {hasValue() or (children().count() > id.count())}
"
"genomic-trf-specimen","Specimen.condition","Specimen.condition","","","",0,*,"","","Y","CodeableConcept {[]} {[]}
","State of the specimen","A mode or state of being that describes the nature of the specimen.","Specimen condition is an observation made about the specimen.  It's a point-in-time assessment.  It can be used to assess its quality or appropriateness for a specific test.","The specimen condition can be used to assess its quality or appropriateness for a specific test.","","","","","","","",,"extensible","Codes describing the state of the specimen.","http://terminology.hl7.org/ValueSet/v2-0493","",,,,"Specimen.condition",0,*,"","ele-1:All FHIR elements must have a @value or children {hasValue() or (children().count() > id.count())}
"
"genomic-trf-specimen","Specimen.note","Specimen.note","","","",0,*,"","","","Annotation {[]} {[]}
","Comments","To communicate any details or issues about the specimen or during the specimen collection. (for example: broken vial, sent with patient, frozen).","","","","","","","","","",,,,,"",,,,"Specimen.note",0,*,"","ele-1:All FHIR elements must have a @value or children {hasValue() or (children().count() > id.count())}
"
"genomic-trf-study","Procedure","Procedure","","","",0,*,"","","","null {[]} {[]}
","An action that is being or was performed on a patient","An action that is or was performed on or for a patient. This can be a physical intervention like an operation, or less invasive like long term services, counseling, or hypnotherapy.","","","","","","","","","",,,,,"",,,,"Procedure",0,*,"","dom-2:If the resource is contained in another resource, it SHALL NOT contain nested Resources {contained.contained.empty()}
dom-3:If the resource is contained in another resource, it SHALL be referred to from elsewhere in the resource or SHALL refer to the containing resource {contained.where((('#'+id in (%resource.descendants().reference | %resource.descendants().as(canonical) | %resource.descendants().as(uri) | %resource.descendants().as(url))) or descendants().where(reference = '#').exists() or descendants().where(as(canonical) = '#').exists() or descendants().where(as(canonical) = '#').exists()).not()).trace('unmatched', id).empty()}dom-4:If a resource is contained in another resource, it SHALL NOT have a meta.versionId or a meta.lastUpdated {contained.meta.versionId.empty() and contained.meta.lastUpdated.empty()}dom-5:If a resource is contained in another resource, it SHALL NOT have a security label {contained.meta.security.empty()}dom-6:A resource should have narrative for robust management {text.`div`.exists()}"
"genomic-trf-study","Procedure.id","Procedure.id","","","",0,1,"","","Y","id {[]} {[]}
","Logical id of this artifact","The logical id of the resource, as used in the URL for the resource. Once assigned, this value never changes.","The only time that a resource does not have an id is when it is being submitted to the server using a create operation.","","","","","","","","",,,,,"",,,,"Resource.id",0,1,"",""
"genomic-trf-study","Procedure.meta","Procedure.meta","","","",0,1,"","","Y","Meta {[]} {[]}
","Metadata about the resource","The metadata about the resource. This is content that is maintained by the infrastructure. Changes to the content might not always be associated with version changes to the resource.","","","","","","","","","",,,,,"",,,,"Resource.meta",0,1,"","ele-1:All FHIR elements must have a @value or children {hasValue() or (children().count() > id.count())}
"
"genomic-trf-study","Procedure.implicitRules","Procedure.implicitRules","","","",0,1,"","Y","Y","uri {[]} {[]}
","A set of rules under which this content was created","A reference to a set of rules that were followed when the resource was constructed, and which must be understood when processing the content. Often, this is a reference to an implementation guide that defines the special rules along with other profiles etc.","Asserting this rule set restricts the content to be only understood by a limited set of trading partners. This inherently limits the usefulness of the data in the long term. However, the existing health eco-system is highly fractured, and not yet ready to define, collect, and exchange data in a generally computable sense. Wherever possible, implementers and/or specification writers should avoid using this element. Often, when used, the URL is a reference to an implementation guide that defines these special rules as part of it's narrative along with other profiles, value sets, etc.","","","","","","","","",,,,,"",,,,"Resource.implicitRules",0,1,"","ele-1:All FHIR elements must have a @value or children {hasValue() or (children().count() > id.count())}
"
"genomic-trf-study","Procedure.language","Procedure.language","","","",0,1,"","","","code {[]} {[]}
","Language of the resource content","The base language in which the resource is written.","Language is provided to support indexing and accessibility (typically, services such as text to speech use the language tag). The html language tag in the narrative applies  to the narrative. The language tag on the resource may be used to specify the language of other presentations generated from the data in the resource. Not all the content has to be in the base language. The Resource.language should not be assumed to apply to the narrative automatically. If a language is specified, it should it also be specified on the div element in the html (see rules in HTML5 for information about the relationship between xml:lang and the html lang attribute).","","","","","","","","",,"preferred","A human language.","http://hl7.org/fhir/ValueSet/languages","",,,,"Resource.language",0,1,"","ele-1:All FHIR elements must have a @value or children {hasValue() or (children().count() > id.count())}
"
"genomic-trf-study","Procedure.text","Procedure.text","","narrative
htmlxhtmldisplay","",0,1,"","","","Narrative {[]} {[]}
","GenomicStudy.description","A human-readable narrative that contains a summary of the resource and can be used to represent the content of the resource to a human. The narrative need not encode all the structured data, but is required to contain sufficient detail to make it ""clinically safe"" for a human to just read the narrative. Resource definitions may define what content should be represented in the narrative to ensure clinical safety.","Contained resources do not have narrative. Resources that are not contained SHOULD have a narrative. In some cases, a resource may only have text with little or no additional discrete data (as long as all minOccurs=1 elements are satisfied).  This may be necessary for data from legacy systems where information is captured as a ""text blob"" or where text is additionally entered raw or narrated and encoded information is added later.","","","","","","","","",,,,,"",,,,"DomainResource.text",0,1,"","ele-1:All FHIR elements must have a @value or children {hasValue() or (children().count() > id.count())}
"
"genomic-trf-study","Procedure.contained","Procedure.contained","","inline resources
anonymous resourcescontained resources","",0,*,"","","","Resource {[]} {[]}
","Contained, inline Resources","These resources do not have an independent existence apart from the resource that contains them - they cannot be identified independently, and nor can they have their own independent transaction scope.","This should never be done when the content can be identified properly, as once identification is lost, it is extremely difficult (and context dependent) to restore it again. Contained resources may have profiles and tags In their meta elements, but SHALL NOT have security labels.","","","","","","","","",,,,,"",,,,"DomainResource.contained",0,*,"",""
"genomic-trf-study","Procedure.extension","Procedure.extension","","","",0,*,"","","","Extension {[]} {[]}
","Extension","An Extension","","","","","","","","","",,,,,"","value:url}
","",,"open","DomainResource.extension",0,*,"","ele-1:All FHIR elements must have a @value or children {hasValue() or (children().count() > id.count())}
ext-1:Must have either extensions or value[x], not both {extension.exists() != value.exists()}"
"genomic-trf-study","Procedure.extension:genomic-study-analysis","Procedure.extension","genomic-study-analysis","","",0,*,"","","","Extension {[CanonicalType[http://hl7.org/fhir/uv/genomics-reporting/StructureDefinition/genomic-study-analysis-ext]]} {[]}
","GenomicStudy.analysis","Used to transmit the one or more analysis per GenomimcStudy","","","","","","","","","",,,,,"",,,,"DomainResource.extension",0,*,"ele-1
","ele-1:All FHIR elements must have a @value or children {hasValue() or (children().count() > id.count())}
ext-1:Must have either extensions or value[x], not both {extension.exists() != value.exists()}"
"genomic-trf-study","Procedure.extension:referrer","Procedure.extension","referrer","","",0,1,"","","","Extension {[CanonicalType[http://hl7.org/fhir/uv/genomics-reporting/StructureDefinition/genomic-study-referrer-ext]]} {[]}
","GenomicStudy.referrer","Used to reference to the referrer of the study","","","","","","","","","",,,,,"",,,,"DomainResource.extension",0,*,"ele-1
","ele-1:All FHIR elements must have a @value or children {hasValue() or (children().count() > id.count())}
ext-1:Must have either extensions or value[x], not both {extension.exists() != value.exists()}"
"genomic-trf-study","Procedure.modifierExtension","Procedure.modifierExtension","","extensions
user content","",0,*,"","Y","","Extension {[]} {[]}
","Extensions that cannot be ignored","May be used to represent additional information that is not part of the basic definition of the resource and that modifies the understanding of the element that contains it and/or the understanding of the containing element's descendants. Usually modifier elements provide negation or qualification. To make the use of extensions safe and manageable, there is a strict set of governance applied to the definition and use of extensions. Though any implementer is allowed to define an extension, there is a set of requirements that SHALL be met as part of the definition of the extension. Applications processing a resource are required to check for modifier extensions.

Modifier extensions SHALL NOT change the meaning of any elements on Resource or DomainResource (including cannot change the meaning of modifierExtension itself).","There can be no stigma associated with the use of extensions by any application, project, or standard - regardless of the institution or jurisdiction that uses or defines the extensions.  The use of extensions is what allows the FHIR specification to retain a core level of simplicity for everyone.","Modifier extensions allow for extensions that *cannot* be safely ignored to be clearly distinguished from the vast majority of extensions which can be safely ignored.  This promotes interoperability by eliminating the need for implementers to prohibit the presence of extensions. For further information, see the [definition of modifier extensions](http://hl7.org/fhir/R4/extensibility.html#modifierExtension).","","","","","","","",,,,,"",,,,"DomainResource.modifierExtension",0,*,"","ele-1:All FHIR elements must have a @value or children {hasValue() or (children().count() > id.count())}
ext-1:Must have either extensions or value[x], not both {extension.exists() != value.exists()}"
"genomic-trf-study","Procedure.identifier","Procedure.identifier","","","",0,*,"","","Y","Identifier {[]} {[]}
","GenomicStudy.identifier","Business identifiers assigned to this procedure by the performer or other systems which remain constant as the resource is updated and is propagated from server to server.","This is a business identifier, not a resource identifier (see [discussion](http://hl7.org/fhir/R4/resource.html#identifiers)).  It is best practice for the identifier to only appear on a single resource instance, however business practices may occasionally dictate that multiple resource instances with the same identifier can exist - possibly even with different resource types.  For example, multiple Patient and Person resource instances might share the same social insurance number.","Allows identification of the procedure as it is known by various participating systems and in a way that remains consistent across servers.","","","","","","","",,,,,"",,,,"Procedure.identifier",0,*,"","ele-1:All FHIR elements must have a @value or children {hasValue() or (children().count() > id.count())}
"
"genomic-trf-study","Procedure.instantiatesCanonical","Procedure.instantiatesCanonical","","","",0,*,"","","Y","canonical {[]} {[CanonicalType[http://hl7.org/fhir/StructureDefinition/PlanDefinition]]}
","GenomicStudy.instantiatesCanonical","The URL pointing to a FHIR-defined protocol, guideline, order set or other definition that is adhered to in whole or in part by this Procedure.","","","","","","","","","",,,,,"",,,,"Procedure.instantiatesCanonical",0,*,"","ele-1:All FHIR elements must have a @value or children {hasValue() or (children().count() > id.count())}
"
"genomic-trf-study","Procedure.instantiatesUri","Procedure.instantiatesUri","","","",0,*,"","","Y","uri {[]} {[]}
","GenomicStudy.instantiatesUri","The URL pointing to an externally maintained protocol, guideline, order set or other definition that is adhered to in whole or in part by this Procedure.","This might be an HTML page, PDF, etc. or could just be a non-resolvable URI identifier.","","","","","","","","",,,,,"",,,,"Procedure.instantiatesUri",0,*,"","ele-1:All FHIR elements must have a @value or children {hasValue() or (children().count() > id.count())}
"
"genomic-trf-study","Procedure.basedOn","Procedure.basedOn","","fulfills
","",1,*,"","","Y","Reference {[]} {[CanonicalType[http://hl7.org/fhir/StructureDefinition/ServiceRequest]]}
","GenomicStudy.basedOn","A reference to a resource that contains details of the request for this procedure.","","","","","","","","","",,,,,"",,,,"Procedure.basedOn",0,*,"","ele-1:All FHIR elements must have a @value or children {hasValue() or (children().count() > id.count())}
"
"genomic-trf-study","Procedure.partOf","Procedure.partOf","","container
","",0,0,"","","Y","Reference {[]} {[CanonicalType[http://hl7.org/fhir/StructureDefinition/Procedure], CanonicalType[http://hl7.org/fhir/StructureDefinition/Observation], CanonicalType[http://hl7.org/fhir/StructureDefinition/MedicationAdministration]]}
","Part of referenced event","A larger event of which this particular procedure is a component or step.","The MedicationAdministration resource has a partOf reference to Procedure, but this is not a circular reference.   For example, the anesthesia MedicationAdministration is part of the surgical Procedure (MedicationAdministration.partOf = Procedure).  For example, the procedure to insert the IV port for an IV medication administration is part of the medication administration (Procedure.partOf = MedicationAdministration).","","","","","","","","",,,,,"",,,,"Procedure.partOf",0,*,"","ele-1:All FHIR elements must have a @value or children {hasValue() or (children().count() > id.count())}
"
"genomic-trf-study","Procedure.status","Procedure.status","","","",1,1,"","Y","Y","code {[]} {[]}
","GenomicStudy.status","GenomicStudy.status is different from Procedure.status, see [mapping](http://hl7.org/fhir/uv/genomics-reporting/STU3/ConceptMap-GenomicStudyStatusMap.html)","The ""unknown"" code is not to be used to convey other statuses.  The ""unknown"" code should be used when one of the statuses applies, but the authoring system doesn't know the current state of the procedure.

This element is labeled as a modifier because the status contains codes that mark the resource as not currently valid.","","","","","","","","",,"required","A code specifying the state of the procedure.","http://hl7.org/fhir/ValueSet/event-status|4.0.1","",,,,"Procedure.status",1,1,"","ele-1:All FHIR elements must have a @value or children {hasValue() or (children().count() > id.count())}
"
"genomic-trf-study","Procedure.statusReason","Procedure.statusReason","","Suspended Reason
Cancelled Reason","",0,0,"","","Y","CodeableConcept {[]} {[]}
","Reason for current status","Captures the reason for the current state of the procedure.","This is generally only used for ""exception"" statuses such as ""not-done"", ""suspended"" or ""aborted"". The reason for performing the event at all is captured in reasonCode, not here.","","","","","","","","",,"example","A code that identifies the reason a procedure was not performed.","http://hl7.org/fhir/ValueSet/procedure-not-performed-reason","",,,,"Procedure.statusReason",0,1,"","ele-1:All FHIR elements must have a @value or children {hasValue() or (children().count() > id.count())}
"
"genomic-trf-study","Procedure.category","Procedure.category","","","",1,1,"","","Y","CodeableConcept {[]} {[]}
","Classification of the procedure","A code that classifies the procedure for searching, sorting and display purposes (e.g. ""Surgical Procedure"").","","","","","","","","","",,"example","A code that classifies a procedure for searching, sorting and display purposes.","http://hl7.org/fhir/ValueSet/procedure-category","",,,,"Procedure.category",0,1,"","ele-1:All FHIR elements must have a @value or children {hasValue() or (children().count() > id.count())}
"
"genomic-trf-study","Procedure.category.id","Procedure.category.id","","","",0,1,"","","","string {[]} {[]}
","Unique id for inter-element referencing","Unique id for the element within a resource (for internal references). This may be any string value that does not contain spaces.","","","","","","","","","",,,,,"",,,,"Element.id",0,1,"",""
"genomic-trf-study","Procedure.category.extension","Procedure.category.extension","","extensions
user content","",0,*,"","","","Extension {[]} {[]}
","Additional content defined by implementations","May be used to represent additional information that is not part of the basic definition of the element. To make the use of extensions safe and manageable, there is a strict set of governance  applied to the definition and use of extensions. Though any implementer can define an extension, there is a set of requirements that SHALL be met as part of the definition of the extension.","There can be no stigma associated with the use of extensions by any application, project, or standard - regardless of the institution or jurisdiction that uses or defines the extensions.  The use of extensions is what allows the FHIR specification to retain a core level of simplicity for everyone.","","","","","","","","",,,,,"","value:url}
","Extensions are always sliced by (at least) url",,"open","Element.extension",0,*,"","ele-1:All FHIR elements must have a @value or children {hasValue() or (children().count() > id.count())}
ext-1:Must have either extensions or value[x], not both {extension.exists() != value.exists()}"
"genomic-trf-study","Procedure.category.coding","Procedure.category.coding","","","",1,1,"","","Y","Coding {[]} {[]}
","Code defined by a terminology system","A reference to a code defined by a terminology system.","Codes may be defined very casually in enumerations, or code lists, up to very formal definitions such as SNOMED CT - see the HL7 v3 Core Principles for more information.  Ordering of codings is undefined and SHALL NOT be used to infer meaning. Generally, at most only one of the coding values will be labeled as UserSelected = true.","Allows for alternative encodings within a code system, and translations to other code systems.","","","","<valueCoding xmlns=""http://hl7.org/fhir"">
  <system value=""http://terminology.hl7.org/CodeSystem/observation-category""/>
  <code value=""laboratory""/>
</valueCoding>","","","",,,,,"",,,,"CodeableConcept.coding",0,*,"","ele-1:All FHIR elements must have a @value or children {hasValue() or (children().count() > id.count())}
"
"genomic-trf-study","Procedure.category.text","Procedure.category.text","","","",0,1,"","","Y","string {[]} {[]}
","Plain text representation of the concept","A human language representation of the concept as seen/selected/uttered by the user who entered the data and/or which represents the intended meaning of the user.","Very often the text is the same as a displayName of one of the codings.","The codes from the terminologies do not always capture the correct meaning with all the nuances of the human using them, or sometimes there is no appropriate code at all. In these cases, the text is used to capture the full meaning of the source.","","","","","","","",,,,,"",,,,"CodeableConcept.text",0,1,"","ele-1:All FHIR elements must have a @value or children {hasValue() or (children().count() > id.count())}
"
"genomic-trf-study","Procedure.code","Procedure.code","","type
","",0,1,"","","Y","CodeableConcept {[]} {[]}
","GenomicStudy.type","The specific procedure that is performed. Use text if the exact nature of the procedure cannot be coded (e.g. ""Laparoscopic Appendectomy"").","","0..1 to account for primarily narrative only resources.","","","","","","","",,"example","","http://hl7.org/fhir/uv/genomics-reporting/ValueSet/genomic-study-type-vs","",,,,"Procedure.code",0,1,"","ele-1:All FHIR elements must have a @value or children {hasValue() or (children().count() > id.count())}
"
"genomic-trf-study","Procedure.subject","Procedure.subject","","patient
","",1,1,"","","Y","Reference {[]} {[CanonicalType[http://hl7.org/fhir/StructureDefinition/Patient], CanonicalType[http://hl7.org/fhir/StructureDefinition/Group]]}
","GenomicStudy.subject","The person, animal or group on which the procedure was performed.","","","","","","","","","",,,,,"",,,,"Procedure.subject",1,1,"","ele-1:All FHIR elements must have a @value or children {hasValue() or (children().count() > id.count())}
"
"genomic-trf-study","Procedure.encounter","Procedure.encounter","","","",0,1,"","","Y","Reference {[]} {[CanonicalType[http://hl7.org/fhir/StructureDefinition/Encounter]]}
","GenomicStudy.encounter","The Encounter during which this Procedure was created or performed or to which the creation of this record is tightly associated.","This will typically be the encounter the event occurred within, but some activities may be initiated prior to or after the official completion of an encounter but still be tied to the context of the encounter.","","","","","","","","",,,,,"",,,,"Procedure.encounter",0,1,"","ele-1:All FHIR elements must have a @value or children {hasValue() or (children().count() > id.count())}
"
"genomic-trf-study","Procedure.performed[x]","Procedure.performed[x]","","","",0,1,"","","Y","dateTime {[]} {[]}
","GenomicStudy.startDate","Estimated or actual date, date-time, period, or age when the procedure was performed.  Allows a period to support complex procedures that span more than one date, and also allows for the length of the procedure to be captured.","Age is generally used when the patient reports an age at which the procedure was performed. Range is generally used when the patient reports an age range when the procedure was performed, such as sometime between 20-25 years old.  dateTime supports a range of precision due to some procedures being reported as past procedures that might not have millisecond precision while other procedures performed and documented during the encounter might have more precise UTC timestamps with timezone.","","","","","","","","",,,,,"",,,,"Procedure.performed[x]",0,1,"","ele-1:All FHIR elements must have a @value or children {hasValue() or (children().count() > id.count())}
"
"genomic-trf-study","Procedure.recorder","Procedure.recorder","","","",0,0,"","","Y","Reference {[]} {[CanonicalType[http://hl7.org/fhir/StructureDefinition/Patient], CanonicalType[http://hl7.org/fhir/StructureDefinition/RelatedPerson], CanonicalType[http://hl7.org/fhir/StructureDefinition/Practitioner], CanonicalType[http://hl7.org/fhir/StructureDefinition/PractitionerRole]]}
","Who recorded the procedure","Individual who recorded the record and takes responsibility for its content.","","","","","","","","","",,,,,"",,,,"Procedure.recorder",0,1,"","ele-1:All FHIR elements must have a @value or children {hasValue() or (children().count() > id.count())}
"
"genomic-trf-study","Procedure.asserter","Procedure.asserter","","","",0,1,"","","Y","Reference {[]} {[CanonicalType[http://hl7.org/fhir/StructureDefinition/Practitioner], CanonicalType[http://hl7.org/fhir/StructureDefinition/PractitionerRole]]}
","GenomicStudy.interpreter","Individual who is making the procedure statement.","","","","","","","","","",,,,,"",,,,"Procedure.asserter",0,1,"","ele-1:All FHIR elements must have a @value or children {hasValue() or (children().count() > id.count())}
"
"genomic-trf-study","Procedure.performer","Procedure.performer","","","",0,*,"","","Y","BackboneElement {[]} {[]}
","The people who performed the procedure","Limited to ""real"" people rather than equipment.","","","","","","","","","",,,,,"",,,,"Procedure.performer",0,*,"","ele-1:All FHIR elements must have a @value or children {hasValue() or (children().count() > id.count())}
"
"genomic-trf-study","Procedure.performer.id","Procedure.performer.id","","","",0,1,"","","","string {[]} {[]}
","Unique id for inter-element referencing","Unique id for the element within a resource (for internal references). This may be any string value that does not contain spaces.","","","","","","","","","",,,,,"",,,,"Element.id",0,1,"",""
"genomic-trf-study","Procedure.performer.extension","Procedure.performer.extension","","extensions
user content","",0,*,"","","","Extension {[]} {[]}
","Additional content defined by implementations","May be used to represent additional information that is not part of the basic definition of the element. To make the use of extensions safe and manageable, there is a strict set of governance  applied to the definition and use of extensions. Though any implementer can define an extension, there is a set of requirements that SHALL be met as part of the definition of the extension.","There can be no stigma associated with the use of extensions by any application, project, or standard - regardless of the institution or jurisdiction that uses or defines the extensions.  The use of extensions is what allows the FHIR specification to retain a core level of simplicity for everyone.","","","","","","","","",,,,,"",,,,"Element.extension",0,*,"","ele-1:All FHIR elements must have a @value or children {hasValue() or (children().count() > id.count())}
ext-1:Must have either extensions or value[x], not both {extension.exists() != value.exists()}"
"genomic-trf-study","Procedure.performer.modifierExtension","Procedure.performer.modifierExtension","","extensions
user contentmodifiers","",0,*,"","Y","Y","Extension {[]} {[]}
","Extensions that cannot be ignored even if unrecognized","May be used to represent additional information that is not part of the basic definition of the element and that modifies the understanding of the element in which it is contained and/or the understanding of the containing element's descendants. Usually modifier elements provide negation or qualification. To make the use of extensions safe and manageable, there is a strict set of governance applied to the definition and use of extensions. Though any implementer can define an extension, there is a set of requirements that SHALL be met as part of the definition of the extension. Applications processing a resource are required to check for modifier extensions.

Modifier extensions SHALL NOT change the meaning of any elements on Resource or DomainResource (including cannot change the meaning of modifierExtension itself).","There can be no stigma associated with the use of extensions by any application, project, or standard - regardless of the institution or jurisdiction that uses or defines the extensions.  The use of extensions is what allows the FHIR specification to retain a core level of simplicity for everyone.","Modifier extensions allow for extensions that *cannot* be safely ignored to be clearly distinguished from the vast majority of extensions which can be safely ignored.  This promotes interoperability by eliminating the need for implementers to prohibit the presence of extensions. For further information, see the [definition of modifier extensions](http://hl7.org/fhir/R4/extensibility.html#modifierExtension).","","","","","","","",,,,,"",,,,"BackboneElement.modifierExtension",0,*,"","ele-1:All FHIR elements must have a @value or children {hasValue() or (children().count() > id.count())}
ext-1:Must have either extensions or value[x], not both {extension.exists() != value.exists()}"
"genomic-trf-study","Procedure.performer.function","Procedure.performer.function","","","",0,1,"","","Y","CodeableConcept {[]} {[]}
","Type of performance","Distinguishes the type of involvement of the performer in the procedure. For example, surgeon, anaesthetist, endoscopist.","","Allows disambiguation of the types of involvement of different performers.","","","","","","","",,"example","A code that identifies the role of a performer of the procedure.","http://hl7.org/fhir/ValueSet/performer-role","",,,,"Procedure.performer.function",0,1,"","ele-1:All FHIR elements must have a @value or children {hasValue() or (children().count() > id.count())}
"
"genomic-trf-study","Procedure.performer.actor","Procedure.performer.actor","","","",1,1,"","","Y","Reference {[]} {[CanonicalType[http://hl7.org/fhir/StructureDefinition/Practitioner], CanonicalType[http://hl7.org/fhir/StructureDefinition/PractitionerRole], CanonicalType[http://hl7.org/fhir/StructureDefinition/Organization], CanonicalType[http://hl7.org/fhir/StructureDefinition/Patient], CanonicalType[http://hl7.org/fhir/StructureDefinition/RelatedPerson], CanonicalType[http://hl7.org/fhir/StructureDefinition/Device]]}
","The reference to the practitioner","The practitioner who was involved in the procedure.","","A reference to Device supports use cases, such as pacemakers.","","","","","","","",,,,,"",,,,"Procedure.performer.actor",1,1,"","ele-1:All FHIR elements must have a @value or children {hasValue() or (children().count() > id.count())}
"
"genomic-trf-study","Procedure.performer.onBehalfOf","Procedure.performer.onBehalfOf","","","",0,1,"","","","Reference {[]} {[CanonicalType[http://hl7.org/fhir/StructureDefinition/Organization]]}
","Organization the device or practitioner was acting for","The organization the device or practitioner was acting on behalf of.","","Practitioners and Devices can be associated with multiple organizations.  This element indicates which organization they were acting on behalf of when performing the action.","","","","","","","",,,,,"",,,,"Procedure.performer.onBehalfOf",0,1,"","ele-1:All FHIR elements must have a @value or children {hasValue() or (children().count() > id.count())}
"
"genomic-trf-study","Procedure.location","Procedure.location","","","",0,0,"","","Y","Reference {[]} {[CanonicalType[http://hl7.org/fhir/StructureDefinition/Location]]}
","Where the procedure happened","The location where the procedure actually happened.  E.g. a newborn at home, a tracheostomy at a restaurant.","","Ties a procedure to where the records are likely kept.","","","","","","","",,,,,"",,,,"Procedure.location",0,1,"","ele-1:All FHIR elements must have a @value or children {hasValue() or (children().count() > id.count())}
"
"genomic-trf-study","Procedure.reasonCode","Procedure.reasonCode","","","",0,*,"","","Y","CodeableConcept {[]} {[]}
","GenomicStudy.reason","The coded reason why the procedure was performed. This may be a coded entity of some type, or may simply be present as text.","Use Procedure.reasonCode when a code sufficiently describes the reason.  Use Procedure.reasonReference when referencing a resource, which allows more information to be conveyed, such as onset date. Procedure.reasonCode and Procedure.reasonReference are not meant to be duplicative.  For a single reason, either Procedure.reasonCode or Procedure.reasonReference can be used.  Procedure.reasonCode may be a summary code, or Procedure.reasonReference may be used to reference a very precise definition of the reason using Condition | Observation | Procedure | DiagnosticReport | DocumentReference.  Both Procedure.reasonCode and Procedure.reasonReference can be used if they are describing different reasons for the procedure.","","","","","","","","",,"example","A code that identifies the reason a procedure is  required.","http://hl7.org/fhir/ValueSet/procedure-reason","",,,,"Procedure.reasonCode",0,*,"","ele-1:All FHIR elements must have a @value or children {hasValue() or (children().count() > id.count())}
"
"genomic-trf-study","Procedure.reasonReference","Procedure.reasonReference","","","",0,*,"","","Y","Reference {[]} {[CanonicalType[http://hl7.org/fhir/StructureDefinition/Condition], CanonicalType[http://hl7.org/fhir/StructureDefinition/Observation]]}
","GenomicStudy.reason","The justification of why the procedure was performed.","It is possible for a procedure to be a reason (such as C-Section) for another procedure (such as an epidural). Other examples include endoscopy for dilatation and biopsy (a combination of diagnostic and therapeutic use). 
Use Procedure.reasonCode when a code sufficiently describes the reason.  Use Procedure.reasonReference when referencing a resource, which allows more information to be conveyed, such as onset date. Procedure.reasonCode and Procedure.reasonReference are not meant to be duplicative.  For a single reason, either Procedure.reasonCode or Procedure.reasonReference can be used.  Procedure.reasonCode may be a summary code, or Procedure.reasonReference may be used to reference a very precise definition of the reason using Condition | Observation | Procedure | DiagnosticReport | DocumentReference.  Both Procedure.reasonCode and Procedure.reasonReference can be used if they are describing different reasons for the procedure.","","","","","","","","",,,,,"",,,,"Procedure.reasonReference",0,*,"","ele-1:All FHIR elements must have a @value or children {hasValue() or (children().count() > id.count())}
"
"genomic-trf-study","Procedure.bodySite","Procedure.bodySite","","","",0,0,"","","Y","CodeableConcept {[]} {[]}
","Target body sites","Detailed and structured anatomical location information. Multiple locations are allowed - e.g. multiple punch biopsies of a lesion.","If the use case requires attributes from the BodySite resource (e.g. to identify and track separately) then use the standard extension [procedure-targetbodystructure](http://hl7.org/fhir/R4/extension-procedure-targetbodystructure.html).","","","","","","","","",,"example","Codes describing anatomical locations. May include laterality.","http://hl7.org/fhir/ValueSet/body-site","",,,,"Procedure.bodySite",0,*,"","ele-1:All FHIR elements must have a @value or children {hasValue() or (children().count() > id.count())}
"
"genomic-trf-study","Procedure.outcome","Procedure.outcome","","","",0,0,"","","Y","CodeableConcept {[]} {[]}
","The result of procedure","The outcome of the procedure - did it resolve the reasons for the procedure being performed?","If outcome contains narrative text only, it can be captured using the CodeableConcept.text.","","","","","","","","",,"example","An outcome of a procedure - whether it was resolved or otherwise.","http://hl7.org/fhir/ValueSet/procedure-outcome","",,,,"Procedure.outcome",0,1,"","ele-1:All FHIR elements must have a @value or children {hasValue() or (children().count() > id.count())}
"
"genomic-trf-study","Procedure.report","Procedure.report","","","",0,0,"","","","Reference {[]} {[CanonicalType[http://hl7.org/fhir/StructureDefinition/DiagnosticReport], CanonicalType[http://hl7.org/fhir/StructureDefinition/DocumentReference], CanonicalType[http://hl7.org/fhir/StructureDefinition/Composition]]}
","Any report resulting from the procedure","This could be a histology result, pathology report, surgical report, etc.","There could potentially be multiple reports - e.g. if this was a procedure which took multiple biopsies resulting in a number of anatomical pathology reports.","","","","","","","","",,,,,"",,,,"Procedure.report",0,*,"","ele-1:All FHIR elements must have a @value or children {hasValue() or (children().count() > id.count())}
"
"genomic-trf-study","Procedure.complication","Procedure.complication","","","",0,0,"","","","CodeableConcept {[]} {[]}
","Complication following the procedure","Any complications that occurred during the procedure, or in the immediate post-performance period. These are generally tracked separately from the notes, which will typically describe the procedure itself rather than any 'post procedure' issues.","If complications are only expressed by the narrative text, they can be captured using the CodeableConcept.text.","","","","","","","","",,"example","Codes describing complications that resulted from a procedure.","http://hl7.org/fhir/ValueSet/condition-code","",,,,"Procedure.complication",0,*,"","ele-1:All FHIR elements must have a @value or children {hasValue() or (children().count() > id.count())}
"
"genomic-trf-study","Procedure.complicationDetail","Procedure.complicationDetail","","","",0,0,"","","","Reference {[]} {[CanonicalType[http://hl7.org/fhir/StructureDefinition/Condition]]}
","A condition that is a result of the procedure","Any complications that occurred during the procedure, or in the immediate post-performance period.","","This is used to document a condition that is a result of the procedure, not the condition that was the reason for the procedure.","","","","","","","",,,,,"",,,,"Procedure.complicationDetail",0,*,"","ele-1:All FHIR elements must have a @value or children {hasValue() or (children().count() > id.count())}
"
"genomic-trf-study","Procedure.followUp","Procedure.followUp","","","",0,0,"","","","CodeableConcept {[]} {[]}
","Instructions for follow up","If the procedure required specific follow up - e.g. removal of sutures. The follow up may be represented as a simple note or could potentially be more complex, in which case the CarePlan resource can be used.","","","","","","","","","",,"example","Specific follow up required for a procedure e.g. removal of sutures.","http://hl7.org/fhir/ValueSet/procedure-followup","",,,,"Procedure.followUp",0,*,"","ele-1:All FHIR elements must have a @value or children {hasValue() or (children().count() > id.count())}
"
"genomic-trf-study","Procedure.note","Procedure.note","","","",0,*,"","","","Annotation {[]} {[]}
","GenomicStudy.note","Any other notes and comments about the procedure.","","","","","","","","","",,,,,"",,,,"Procedure.note",0,*,"","ele-1:All FHIR elements must have a @value or children {hasValue() or (children().count() > id.count())}
"
"genomic-trf-study","Procedure.focalDevice","Procedure.focalDevice","","","",0,0,"","","","BackboneElement {[]} {[]}
","Manipulated, implanted, or removed device","A device that is implanted, removed or otherwise manipulated (calibration, battery replacement, fitting a prosthesis, attaching a wound-vac, etc.) as a focal portion of the Procedure.","","","","","","","","","",,,,,"",,,,"Procedure.focalDevice",0,*,"","ele-1:All FHIR elements must have a @value or children {hasValue() or (children().count() > id.count())}
"
"genomic-trf-study","Procedure.focalDevice.id","Procedure.focalDevice.id","","","",0,1,"","","","string {[]} {[]}
","Unique id for inter-element referencing","Unique id for the element within a resource (for internal references). This may be any string value that does not contain spaces.","","","","","","","","","",,,,,"",,,,"Element.id",0,1,"",""
"genomic-trf-study","Procedure.focalDevice.extension","Procedure.focalDevice.extension","","extensions
user content","",0,*,"","","","Extension {[]} {[]}
","Additional content defined by implementations","May be used to represent additional information that is not part of the basic definition of the element. To make the use of extensions safe and manageable, there is a strict set of governance  applied to the definition and use of extensions. Though any implementer can define an extension, there is a set of requirements that SHALL be met as part of the definition of the extension.","There can be no stigma associated with the use of extensions by any application, project, or standard - regardless of the institution or jurisdiction that uses or defines the extensions.  The use of extensions is what allows the FHIR specification to retain a core level of simplicity for everyone.","","","","","","","","",,,,,"",,,,"Element.extension",0,*,"","ele-1:All FHIR elements must have a @value or children {hasValue() or (children().count() > id.count())}
ext-1:Must have either extensions or value[x], not both {extension.exists() != value.exists()}"
"genomic-trf-study","Procedure.focalDevice.modifierExtension","Procedure.focalDevice.modifierExtension","","extensions
user contentmodifiers","",0,*,"","Y","Y","Extension {[]} {[]}
","Extensions that cannot be ignored even if unrecognized","May be used to represent additional information that is not part of the basic definition of the element and that modifies the understanding of the element in which it is contained and/or the understanding of the containing element's descendants. Usually modifier elements provide negation or qualification. To make the use of extensions safe and manageable, there is a strict set of governance applied to the definition and use of extensions. Though any implementer can define an extension, there is a set of requirements that SHALL be met as part of the definition of the extension. Applications processing a resource are required to check for modifier extensions.

Modifier extensions SHALL NOT change the meaning of any elements on Resource or DomainResource (including cannot change the meaning of modifierExtension itself).","There can be no stigma associated with the use of extensions by any application, project, or standard - regardless of the institution or jurisdiction that uses or defines the extensions.  The use of extensions is what allows the FHIR specification to retain a core level of simplicity for everyone.","Modifier extensions allow for extensions that *cannot* be safely ignored to be clearly distinguished from the vast majority of extensions which can be safely ignored.  This promotes interoperability by eliminating the need for implementers to prohibit the presence of extensions. For further information, see the [definition of modifier extensions](http://hl7.org/fhir/R4/extensibility.html#modifierExtension).","","","","","","","",,,,,"",,,,"BackboneElement.modifierExtension",0,*,"","ele-1:All FHIR elements must have a @value or children {hasValue() or (children().count() > id.count())}
ext-1:Must have either extensions or value[x], not both {extension.exists() != value.exists()}"
"genomic-trf-study","Procedure.focalDevice.action","Procedure.focalDevice.action","","","",0,1,"","","","CodeableConcept {[]} {[]}
","Kind of change to device","The kind of change that happened to the device during the procedure.","","","","","","","","","",,"preferred","A kind of change that happened to the device during the procedure.","http://hl7.org/fhir/ValueSet/device-action","",,,,"Procedure.focalDevice.action",0,1,"","ele-1:All FHIR elements must have a @value or children {hasValue() or (children().count() > id.count())}
"
"genomic-trf-study","Procedure.focalDevice.manipulated","Procedure.focalDevice.manipulated","","","",1,1,"","","","Reference {[]} {[CanonicalType[http://hl7.org/fhir/StructureDefinition/Device]]}
","Device that was changed","The device that was manipulated (changed) during the procedure.","","","","","","","","","",,,,,"",,,,"Procedure.focalDevice.manipulated",1,1,"","ele-1:All FHIR elements must have a @value or children {hasValue() or (children().count() > id.count())}
"
"genomic-trf-study","Procedure.usedReference","Procedure.usedReference","","","",0,0,"","","","Reference {[]} {[CanonicalType[http://hl7.org/fhir/StructureDefinition/Device], CanonicalType[http://hl7.org/fhir/StructureDefinition/Medication], CanonicalType[http://hl7.org/fhir/StructureDefinition/Substance]]}
","Items used during procedure","Identifies medications, devices and any other substance used as part of the procedure.","For devices actually implanted or removed, use Procedure.device.","Used for tracking contamination, etc.","","","","","","","",,,,,"",,,,"Procedure.usedReference",0,*,"","ele-1:All FHIR elements must have a @value or children {hasValue() or (children().count() > id.count())}
"
"genomic-trf-study","Procedure.usedCode","Procedure.usedCode","","","",0,0,"","","","CodeableConcept {[]} {[]}
","Coded items used during the procedure","Identifies coded items that were used as part of the procedure.","For devices actually implanted or removed, use Procedure.device.","","","","","","","","",,"example","Codes describing items used during a procedure.","http://hl7.org/fhir/ValueSet/device-kind","",,,,"Procedure.usedCode",0,*,"","ele-1:All FHIR elements must have a @value or children {hasValue() or (children().count() > id.count())}
"
"order-detail-parameter","Extension","Extension","","","",0,*,"","","","null {[]} {[]}
","Order Detail Parameter (R6 Pre-adoption)","Structured key-value parameters for order details. This extension pre-adopts the R6 ServiceRequest.orderDetail.parameter structure to enable computable order instructions in R4. Each instance represents one parameter with a code and a typed value.","","","","","","","","","",,,,,"",,,,"Extension",0,*,"ele-1
","ele-1:All FHIR elements must have a @value or children {hasValue() or (children().count() > id.count())}
ext-1:Must have either extensions or value[x], not both {extension.exists() != value.exists()}"
"order-detail-parameter","Extension.id","Extension.id","","","",0,1,"","","","string {[]} {[]}
","Unique id for inter-element referencing","Unique id for the element within a resource (for internal references). This may be any string value that does not contain spaces.","","","","","","","","","",,,,,"",,,,"Element.id",0,1,"",""
"order-detail-parameter","Extension.extension","Extension.extension","","","",2,*,"","","","Extension {[]} {[]}
","Extension","An Extension","","","","","","","","","",,,,,"","value:url}
","Extensions are always sliced by (at least) url",,"open","Element.extension",0,*,"","ele-1:All FHIR elements must have a @value or children {hasValue() or (children().count() > id.count())}
ext-1:Must have either extensions or value[x], not both {extension.exists() != value.exists()}"
"order-detail-parameter","Extension.extension:code","Extension.extension","code","","",1,1,"Y","","","Extension {[]} {[]}
","Parameter identifier or name","A code or identifier that names this parameter, such as 'monitoring-cadence' or 'reflex-testing-enabled'.","","","","","","","","","",,,,,"",,,,"Element.extension",0,*,"","ele-1:All FHIR elements must have a @value or children {hasValue() or (children().count() > id.count())}
ext-1:Must have either extensions or value[x], not both {extension.exists() != value.exists()}"
"order-detail-parameter","Extension.extension:code.id","Extension.extension.id","","","",0,1,"","","","string {[]} {[]}
","Unique id for inter-element referencing","Unique id for the element within a resource (for internal references). This may be any string value that does not contain spaces.","","","","","","","","","",,,,,"",,,,"Element.id",0,1,"",""
"order-detail-parameter","Extension.extension:code.extension","Extension.extension.extension","","","",0,0,"","","","Extension {[]} {[]}
","Extension","An Extension","","","","","","","","","",,,,,"","value:url}
","Extensions are always sliced by (at least) url",,"open","Element.extension",0,*,"","ele-1:All FHIR elements must have a @value or children {hasValue() or (children().count() > id.count())}
ext-1:Must have either extensions or value[x], not both {extension.exists() != value.exists()}"
"order-detail-parameter","Extension.extension:code.url","Extension.extension.url","","","",1,1,"","","","uri {[]} {[]}
","identifies the meaning of the extension","Source of the definition for the extension code - a logical name or a URL.","The definition may point directly to a computable or human-readable definition of the extensibility codes, or it may be a logical URI as declared in some other specification. The definition SHALL be a URI for the Structure Definition defining the extension.","","","","<valueUri xmlns=""http://hl7.org/fhir"" value=""code""/>","","","","",,,,,"",,,,"Extension.url",1,1,"",""
"order-detail-parameter","Extension.extension:code.value[x]","Extension.extension.value[x]","","","",1,1,"","","","CodeableConcept {[]} {[]}
","Value of extension","Value of extension - must be one of a constrained set of the data types (see [Extensibility](http://hl7.org/fhir/R4/extensibility.html) for a list).","","","","","","","","","",,,,,"",,,,"Extension.value[x]",0,1,"","ele-1:All FHIR elements must have a @value or children {hasValue() or (children().count() > id.count())}
"
"order-detail-parameter","Extension.extension:value[x]","Extension.extension","value[x]","","",1,1,"Y","","","Extension {[]} {[]}
","Parameter value","The value of the parameter. Type varies based on the parameter code.","","","","","","","","","",,,,,"",,,,"Element.extension",0,*,"","ele-1:All FHIR elements must have a @value or children {hasValue() or (children().count() > id.count())}
ext-1:Must have either extensions or value[x], not both {extension.exists() != value.exists()}"
"order-detail-parameter","Extension.extension:value[x].id","Extension.extension.id","","","",0,1,"","","","string {[]} {[]}
","Unique id for inter-element referencing","Unique id for the element within a resource (for internal references). This may be any string value that does not contain spaces.","","","","","","","","","",,,,,"",,,,"Element.id",0,1,"",""
"order-detail-parameter","Extension.extension:value[x].extension","Extension.extension.extension","","","",0,0,"","","","Extension {[]} {[]}
","Extension","An Extension","","","","","","","","","",,,,,"","value:url}
","Extensions are always sliced by (at least) url",,"open","Element.extension",0,*,"","ele-1:All FHIR elements must have a @value or children {hasValue() or (children().count() > id.count())}
ext-1:Must have either extensions or value[x], not both {extension.exists() != value.exists()}"
"order-detail-parameter","Extension.extension:value[x].url","Extension.extension.url","","","",1,1,"","","","uri {[]} {[]}
","identifies the meaning of the extension","Source of the definition for the extension code - a logical name or a URL.","The definition may point directly to a computable or human-readable definition of the extensibility codes, or it may be a logical URI as declared in some other specification. The definition SHALL be a URI for the Structure Definition defining the extension.","","","","<valueUri xmlns=""http://hl7.org/fhir"" value=""value[x]""/>","","","","",,,,,"",,,,"Extension.url",1,1,"",""
"order-detail-parameter","Extension.extension:value[x].value[x]","Extension.extension.value[x]","","","",0,1,"","","","boolean {[]} {[]}
dateTime {[]} {[]}integer {[]} {[]}string {[]} {[]}CodeableConcept {[]} {[]}Quantity {[]} {[]}","Value of extension","Value of extension - must be one of a constrained set of the data types (see [Extensibility](http://hl7.org/fhir/R4/extensibility.html) for a list).","","","","","","","","","",,,,,"",,,,"Extension.value[x]",0,1,"","ele-1:All FHIR elements must have a @value or children {hasValue() or (children().count() > id.count())}
"
"order-detail-parameter","Extension.url","Extension.url","","","",1,1,"","","","uri {[]} {[]}
","identifies the meaning of the extension","Source of the definition for the extension code - a logical name or a URL.","The definition may point directly to a computable or human-readable definition of the extensibility codes, or it may be a logical URI as declared in some other specification. The definition SHALL be a URI for the Structure Definition defining the extension.","","","","<valueUri xmlns=""http://hl7.org/fhir"" value=""https://example.org/fhir/uv/genomic-trf/StructureDefinition/order-detail-parameter""/>","","","","",,,,,"",,,,"Extension.url",1,1,"",""
"order-detail-parameter","Extension.value[x]","Extension.value[x]","","","",0,0,"","","","base64Binary {[]} {[]}
boolean {[]} {[]}canonical {[]} {[]}code {[]} {[]}date {[]} {[]}dateTime {[]} {[]}decimal {[]} {[]}id {[]} {[]}instant {[]} {[]}integer {[]} {[]}markdown {[]} {[]}oid {[]} {[]}positiveInt {[]} {[]}string {[]} {[]}time {[]} {[]}unsignedInt {[]} {[]}uri {[]} {[]}url {[]} {[]}uuid {[]} {[]}Address {[]} {[]}Age {[]} {[]}Annotation {[]} {[]}Attachment {[]} {[]}CodeableConcept {[]} {[]}Coding {[]} {[]}ContactPoint {[]} {[]}Count {[]} {[]}Distance {[]} {[]}Duration {[]} {[]}HumanName {[]} {[]}Identifier {[]} {[]}Money {[]} {[]}Period {[]} {[]}Quantity {[]} {[]}Range {[]} {[]}Ratio {[]} {[]}Reference {[]} {[]}SampledData {[]} {[]}Signature {[]} {[]}Timing {[]} {[]}ContactDetail {[]} {[]}Contributor {[]} {[]}DataRequirement {[]} {[]}Expression {[]} {[]}ParameterDefinition {[]} {[]}RelatedArtifact {[]} {[]}TriggerDefinition {[]} {[]}UsageContext {[]} {[]}Dosage {[]} {[]}Meta {[]} {[]}","Value of extension","Value of extension - must be one of a constrained set of the data types (see [Extensibility](http://hl7.org/fhir/R4/extensibility.html) for a list).","","","","","","","","","",,,,,"",,,,"Extension.value[x]",0,1,"","ele-1:All FHIR elements must have a @value or children {hasValue() or (children().count() > id.count())}
"
